0,0
-0.692897,-176.062
0.000250031,-176.01
0.405715,-175.928
0.693397,-175.818
0.916541,-175.688
1.09886,-175.542
1.25301,-175.383
1.38654,-175.216
1.50433,-175.042
1.60969,-174.864
1.705,-174.682
1.79201,-174.499
1.87205,-174.314
1.94616,-174.128
2.01515,-173.941
2.07969,-173.755
2.14032,-173.567
2.19747,-173.38
2.25154,-173.192
2.30284,-173.005
2.35163,-172.818
2.39815,-172.63
2.4426,-172.443
2.48516,-172.255
2.52598,-172.068
2.5652,-171.881
2.60294,-171.694
2.63931,-171.506
2.6744,-171.319
2.7083,-171.133
2.74109,-170.946
2.77284,-170.759
2.80361,-170.572
2.83346,-170.386
2.86245,-170.199
2.89062,-170.013
2.91802,-169.826
2.94469,-169.64
2.97066,-169.454
2.99598,-169.268
3.02067,-169.082
3.04477,-168.896
3.0683,-168.71
3.09129,-168.524
3.11377,-168.339
3.13574,-168.153
3.15725,-167.968
3.1783,-167.782
3.19892,-167.597
3.21913,-167.412
3.23893,-167.227
3.25835,-167.042
3.27739,-166.857
3.29609,-166.672
3.31444,-166.487
3.33245,-166.303
3.35015,-166.118
3.36755,-165.934
3.38464,-165.749
3.40145,-165.565
3.41798,-165.381
3.43424,-165.197
3.45024,-165.013
3.46599,-164.829
3.48149,-164.645
3.49676,-164.461
3.5118,-164.278
3.52661,-164.094
3.54121,-163.911
3.5556,-163.728
3.56978,-163.544
3.58377,-163.361
3.59756,-163.178
3.61117,-162.995
3.62459,-162.812
3.63784,-162.63
3.65091,-162.447
3.66381,-162.264
3.67655,-162.082
3.68913,-161.9
3.70155,-161.717
3.71382,-161.535
3.72594,-161.353
3.73792,-161.171
3.74975,-160.989
3.76145,-160.807
3.77301,-160.626
3.78444,-160.444
3.79574,-160.263
3.80691,-160.081
3.81796,-159.9
3.82889,-159.719
3.8397,-159.538
3.8504,-159.356
3.86098,-159.176
3.87145,-158.995
3.88181,-158.814
3.89207,-158.633
3.90222,-158.453
3.91227,-158.272
3.92222,-158.092
3.93208,-157.912
3.94183,-157.732
3.95149,-157.552
3.96106,-157.372
3.97054,-157.192
3.97993,-157.012
3.98923,-156.833
3.99845,-156.653
4.00758,-156.474
4.01663,-156.294
4.0256,-156.115
4.03449,-155.936
4.0433,-155.757
4.05203,-155.578
4.06069,-155.399
4.06928,-155.22
4.07779,-155.042
4.08623,-154.863
4.09459,-154.685
4.10289,-154.506
4.11112,-154.328
4.11929,-154.15
4.12738,-153.972
4.13542,-153.794
4.14338,-153.616
4.15129,-153.438
4.15913,-153.261
4.16692,-153.083
4.17464,-152.906
4.1823,-152.728
4.1899,-152.551
4.19745,-152.374
4.20494,-152.197
4.21238,-152.02
4.21976,-151.843
4.22708,-151.666
4.23436,-151.49
4.24158,-151.313
4.24875,-151.137
4.25586,-150.96
4.26293,-150.784
4.26995,-150.608
4.27692,-150.432
4.28384,-150.256
4.29071,-150.08
4.29754,-149.904
4.30432,-149.729
4.31105,-149.553
4.31774,-149.378
4.32438,-149.202
4.33098,-149.027
4.33754,-148.852
4.34406,-148.677
4.35053,-148.502
4.35696,-148.327
4.36335,-148.153
4.3697,-147.978
4.37601,-147.803
4.38228,-147.629
4.38851,-147.455
4.3947,-147.28
4.40085,-147.106
4.40697,-146.932
4.41305,-146.758
4.41909,-146.584
4.4251,-146.411
4.43107,-146.237
4.437,-146.064
4.4429,-145.89
4.44877,-145.717
4.4546,-145.544
4.46039,-145.37
4.46616,-145.197
4.47189,-145.024
4.47759,-144.852
4.48325,-144.679
4.48889,-144.506
4.49449,-144.334
4.50006,-144.161
4.5056,-143.989
4.51111,-143.817
4.51659,-143.645
4.52204,-143.473
4.52746,-143.301
4.53285,-143.129
4.53821,-142.957
4.54354,-142.786
4.54885,-142.614
4.55413,-142.443
4.55938,-142.271
4.5646,-142.1
4.56979,-141.929
4.57496,-141.758
4.5801,-141.587
4.58522,-141.417
4.59031,-141.246
4.59537,-141.075
4.60041,-140.905
4.60542,-140.734
4.61041,-140.564
4.61537,-140.394
4.62031,-140.224
4.62522,-140.054
4.63011,-139.884
4.63498,-139.714
4.63982,-139.544
4.64464,-139.375
4.64944,-139.205
4.65421,-139.036
4.65896,-138.867
4.66369,-138.698
4.6684,-138.529
4.67308,-138.36
4.67774,-138.191
4.68238,-138.022
4.687,-137.853
4.6916,-137.685
4.69617,-137.516
4.70073,-137.348
4.70527,-137.18
4.70978,-137.011
4.71427,-136.843
4.71875,-136.675
4.7232,-136.508
4.72764,-136.34
4.73205,-136.172
4.73645,-136.005
4.74082,-135.837
4.74518,-135.67
4.74952,-135.503
4.75384,-135.335
4.75814,-135.168
4.76242,-135.001
4.76669,-134.835
4.77093,-134.668
4.77516,-134.501
4.77937,-134.335
4.78357,-134.168
4.78774,-134.002
4.7919,-133.836
4.79604,-133.67
4.80016,-133.504
4.80427,-133.338
4.80836,-133.172
4.81243,-133.006
4.81649,-132.841
4.82053,-132.675
4.82456,-132.51
4.82856,-132.344
4.83256,-132.179
4.83653,-132.014
4.84049,-131.849
4.84444,-131.684
4.84837,-131.519
4.85228,-131.355
4.85618,-131.19
4.86006,-131.026
4.86393,-130.861
4.86778,-130.697
4.87162,-130.533
4.87545,-130.369
4.87926,-130.205
4.88305,-130.041
4.88683,-129.877
4.8906,-129.713
4.89435,-129.55
4.89809,-129.386
4.90181,-129.223
4.90552,-129.059
4.90922,-128.896
4.9129,-128.733
4.91657,-128.57
4.92023,-128.407
4.92387,-128.245
4.9275,-128.082
4.93112,-127.919
4.93472,-127.757
4.93831,-127.595
4.94189,-127.432
4.94546,-127.27
4.94901,-127.108
4.95255,-126.946
4.95608,-126.784
4.95959,-126.623
4.96309,-126.461
4.96659,-126.299
4.97006,-126.138
4.97353,-125.977
4.97698,-125.815
4.98043,-125.654
4.98386,-125.493
4.98728,-125.332
4.99068,-125.171
4.99408,-125.011
4.99746,-124.85
5.00083,-124.689
5.0042,-124.529
5.00755,-124.369
5.01089,-124.209
5.01421,-124.048
5.01753,-123.888
5.02084,-123.728
5.02413,-123.569
5.02741,-123.409
5.03069,-123.249
5.03395,-123.09
5.0372,-122.93
5.04044,-122.771
5.04368,-122.612
5.0469,-122.453
5.05011,-122.294
5.05331,-122.135
5.0565,-121.976
5.05968,-121.817
5.06285,-121.659
5.066,-121.5
5.06915,-121.342
5.07229,-121.184
5.07542,-121.025
5.07854,-120.867
5.08165,-120.709
5.08476,-120.551
5.08785,-120.394
5.09093,-120.236
5.094,-120.078
5.09706,-119.921
5.10012,-119.764
5.10316,-119.606
5.1062,-119.449
5.10922,-119.292
5.11224,-119.135
5.11525,-118.978
5.11824,-118.821
5.12123,-118.665
5.12421,-118.508
5.12719,-118.352
5.13015,-118.195
5.1331,-118.039
5.13605,-117.883
5.13899,-117.727
5.14191,-117.571
5.14483,-117.415
5.14774,-117.259
5.15065,-117.104
5.15354,-116.948
5.15643,-116.793
5.15931,-116.637
5.16217,-116.482
5.16504,-116.327
5.16789,-116.172
5.17073,-116.017
5.17357,-115.862
5.1764,-115.708
5.17922,-115.553
5.18203,-115.398
5.18484,-115.244
5.18764,-115.09
5.19043,-114.935
5.19321,-114.781
5.19598,-114.627
5.19875,-114.473
5.20151,-114.32
5.20426,-114.166
5.207,-114.012
5.20974,-113.859
5.21246,-113.705
5.21519,-113.552
5.2179,-113.399
5.22061,-113.246
5.2233,-113.093
5.226,-112.94
5.22868,-112.787
5.23136,-112.634
5.23403,-112.482
5.23669,-112.329
5.23935,-112.177
5.242,-112.025
5.24464,-111.872
5.24727,-111.72
5.2499,-111.568
5.25252,-111.416
5.25514,-111.265
5.25775,-111.113
5.26035,-110.961
5.26294,-110.81
5.26553,-110.659
5.26811,-110.507
5.27068,-110.356
5.27325,-110.205
5.27581,-110.054
5.27836,-109.903
5.28091,-109.752
5.28345,-109.602
5.28599,-109.451
5.28852,-109.301
5.29104,-109.15
5.29355,-109
5.29606,-108.85
5.29857,-108.7
5.30106,-108.55
5.30355,-108.4
5.30604,-108.25
5.30852,-108.101
5.31099,-107.951
5.31346,-107.802
5.31592,-107.652
5.31837,-107.503
5.32082,-107.354
5.32326,-107.205
5.3257,-107.056
5.32813,-106.907
5.33055,-106.759
5.33297,-106.61
5.33538,-106.461
5.33779,-106.313
5.34019,-106.165
5.34258,-106.016
5.34497,-105.868
5.34736,-105.72
5.34974,-105.572
5.35211,-105.425
5.35448,-105.277
5.35684,-105.129
5.35919,-104.982
5.36154,-104.834
5.36389,-104.687
5.36623,-104.54
5.36856,-104.393
5.37089,-104.246
5.37321,-104.099
5.37553,-103.952
5.37784,-103.805
5.38015,-103.659
5.38245,-103.512
5.38475,-103.366
5.38704,-103.22
5.38932,-103.073
5.3916,-102.927
5.39388,-102.781
5.39615,-102.635
5.39841,-102.49
5.40067,-102.344
5.40293,-102.198
5.40518,-102.053
5.40742,-101.907
5.40966,-101.762
5.4119,-101.617
5.41413,-101.472
5.41635,-101.327
5.41857,-101.182
5.42079,-101.037
5.42299,-100.893
5.4252,-100.748
5.4274,-100.604
5.4296,-100.459
5.43179,-100.315
5.43397,-100.171
5.43615,-100.027
5.43833,-99.8828
5.4405,-99.739
5.44267,-99.5952
5.44483,-99.4516
5.44699,-99.308
5.44914,-99.1646
5.45129,-99.0212
5.45343,-98.878
5.45557,-98.7348
5.45771,-98.5918
5.45984,-98.4489
5.46196,-98.306
5.46408,-98.1633
5.4662,-98.0206
5.46831,-97.8781
5.47042,-97.7357
5.47252,-97.5933
5.47462,-97.4511
5.47671,-97.309
5.4788,-97.167
5.48089,-97.025
5.48297,-96.8832
5.48505,-96.7415
5.48712,-96.5999
5.48919,-96.4583
5.49125,-96.3169
5.49331,-96.1756
5.49537,-96.0344
5.49742,-95.8933
5.49947,-95.7522
5.50151,-95.6113
5.50355,-95.4705
5.50558,-95.3298
5.50761,-95.1892
5.50964,-95.0487
5.51166,-94.9083
5.51368,-94.768
5.51569,-94.6278
5.5177,-94.4877
5.51971,-94.3477
5.52171,-94.2078
5.52371,-94.068
5.5257,-93.9283
5.52769,-93.7887
5.52968,-93.6492
5.53166,-93.5098
5.53364,-93.3705
5.53561,-93.2313
5.53758,-93.0923
5.53955,-92.9533
5.54151,-92.8144
5.54347,-92.6756
5.54543,-92.5369
5.54738,-92.3983
5.54933,-92.2599
5.55127,-92.1215
5.55321,-91.9832
5.55515,-91.845
5.55708,-91.707
5.55901,-91.569
5.56093,-91.4311
5.56285,-91.2933
5.56477,-91.1557
5.56668,-91.0181
5.56859,-90.8806
5.5705,-90.7433
5.5724,-90.606
5.5743,-90.4689
5.5762,-90.3318
5.57809,-90.1948
5.57998,-90.058
5.58186,-89.9212
5.58375,-89.7846
5.58562,-89.648
5.5875,-89.5116
5.58937,-89.3752
5.59124,-89.239
5.5931,-89.1028
5.59496,-88.9668
5.59682,-88.8308
5.59867,-88.695
5.60052,-88.5593
5.60237,-88.4236
5.60421,-88.2881
5.60605,-88.1526
5.60789,-88.0173
5.60972,-87.8821
5.61155,-87.7469
5.61338,-87.6119
5.6152,-87.477
5.61702,-87.3421
5.61884,-87.2074
5.62065,-87.0728
5.62246,-86.9382
5.62427,-86.8038
5.62607,-86.6695
5.62787,-86.5353
5.62967,-86.4012
5.63146,-86.2671
5.63325,-86.1332
5.63504,-85.9994
5.63682,-85.8657
5.6386,-85.7321
5.64038,-85.5986
5.64216,-85.4651
5.64393,-85.3318
5.6457,-85.1986
5.64746,-85.0655
5.64922,-84.9325
5.65098,-84.7996
5.65274,-84.6668
5.65449,-84.5341
5.65624,-84.4015
5.65799,-84.269
5.65973,-84.1366
5.66147,-84.0043
5.66321,-83.8721
5.66495,-83.74
5.66668,-83.608
5.66841,-83.4761
5.67013,-83.3443
5.67185,-83.2126
5.67357,-83.081
5.67529,-82.9495
5.677,-82.8182
5.67871,-82.6869
5.68042,-82.5557
5.68213,-82.4246
5.68383,-82.2936
5.68553,-82.1627
5.68723,-82.032
5.68892,-81.9013
5.69061,-81.7707
5.6923,-81.6402
5.69398,-81.5099
5.69566,-81.3796
5.69734,-81.2494
5.69902,-81.1193
5.70069,-80.9894
5.70236,-80.8595
5.70403,-80.7297
5.7057,-80.6001
5.70736,-80.4705
5.70902,-80.341
5.71068,-80.2117
5.71233,-80.0824
5.71398,-79.9532
5.71563,-79.8242
5.71728,-79.6952
5.71892,-79.5664
5.72056,-79.4376
5.7222,-79.309
5.72384,-79.1804
5.72547,-79.0519
5.7271,-78.9236
5.72873,-78.7953
5.73035,-78.6672
5.73197,-78.5391
5.73359,-78.4112
5.73521,-78.2834
5.73682,-78.1556
5.73843,-78.028
5.74004,-77.9004
5.74165,-77.773
5.74325,-77.6456
5.74485,-77.5184
5.74645,-77.3913
5.74805,-77.2642
5.74964,-77.1373
5.75123,-77.0105
5.75282,-76.8837
5.75441,-76.7571
5.75599,-76.6306
5.75757,-76.5041
5.75915,-76.3778
5.76073,-76.2516
5.7623,-76.1254
5.76387,-75.9994
5.76544,-75.8735
5.76701,-75.7477
5.76857,-75.622
5.77013,-75.4963
5.77169,-75.3708
5.77325,-75.2454
5.7748,-75.1201
5.77635,-74.9949
5.7779,-74.8697
5.77945,-74.7447
5.78099,-74.6198
5.78254,-74.495
5.78408,-74.3703
5.78561,-74.2457
5.78715,-74.1212
5.78868,-73.9968
5.79021,-73.8725
5.79174,-73.7483
5.79326,-73.6242
5.79479,-73.5001
5.79631,-73.3762
5.79783,-73.2524
5.79934,-73.1287
5.80086,-73.0051
5.80237,-72.8816
5.80388,-72.7582
5.80539,-72.635
5.80689,-72.5118
5.80839,-72.3887
5.80989,-72.2657
5.81139,-72.1428
5.81289,-72.02
5.81438,-71.8973
5.81587,-71.7747
5.81736,-71.6522
5.81885,-71.5298
5.82033,-71.4076
5.82182,-71.2854
5.8233,-71.1633
5.82477,-71.0413
5.82625,-70.9194
5.82772,-70.7976
5.8292,-70.676
5.83067,-70.5544
5.83213,-70.4329
5.8336,-70.3115
5.83506,-70.1903
5.83652,-70.0691
5.83798,-69.948
5.83944,-69.827
5.84089,-69.7062
5.84234,-69.5854
5.84379,-69.4647
5.84524,-69.3442
5.84669,-69.2237
5.84813,-69.1033
5.84957,-68.9831
5.85101,-68.8629
5.85245,-68.7428
5.85389,-68.6229
5.85532,-68.503
5.85675,-68.3833
5.85818,-68.2636
5.85961,-68.144
5.86104,-68.0246
5.86246,-67.9052
5.86388,-67.786
5.8653,-67.6668
5.86672,-67.5478
5.86813,-67.4288
5.86955,-67.31
5.87096,-67.1912
5.87237,-67.0726
5.87378,-66.954
5.87518,-66.8356
5.87658,-66.7172
5.87799,-66.599
5.87939,-66.4808
5.88078,-66.3628
5.88218,-66.2449
5.88357,-66.127
5.88496,-66.0093
5.88635,-65.8916
5.88774,-65.7741
5.88913,-65.6567
5.89051,-65.5393
5.89189,-65.4221
5.89327,-65.305
5.89465,-65.1879
5.89603,-65.071
5.8974,-64.9542
5.89878,-64.8374
5.90015,-64.7208
5.90152,-64.6043
5.90288,-64.4878
5.90425,-64.3715
5.90561,-64.2553
5.90697,-64.1392
5.90833,-64.0231
5.90969,-63.9072
5.91105,-63.7914
5.9124,-63.6757
5.91375,-63.5601
5.9151,-63.4445
5.91645,-63.3291
5.9178,-63.2138
5.91914,-63.0986
5.92049,-62.9835
5.92183,-62.8685
5.92317,-62.7535
5.92451,-62.6387
5.92584,-62.524
5.92718,-62.4094
5.92851,-62.2949
5.92984,-62.1805
5.93117,-62.0662
5.9325,-61.952
5.93382,-61.8379
5.93514,-61.7239
5.93647,-61.61
5.93779,-61.4962
5.9391,-61.3825
5.94042,-61.2689
5.94174,-61.1554
5.94305,-61.042
5.94436,-60.9287
5.94567,-60.8155
5.94698,-60.7024
5.94829,-60.5894
5.94959,-60.4765
5.95089,-60.3637
5.95219,-60.251
5.95349,-60.1384
5.95479,-60.0259
5.95609,-59.9135
5.95738,-59.8012
5.95867,-59.689
5.95997,-59.577
5.96126,-59.465
5.96254,-59.3531
5.96383,-59.2413
5.96511,-59.1296
5.9664,-59.018
5.96768,-58.9066
5.96896,-58.7952
5.97024,-58.6839
5.97151,-58.5727
5.97279,-58.4616
5.97406,-58.3507
5.97533,-58.2398
5.9766,-58.129
5.97787,-58.0183
5.97914,-57.9078
5.9804,-57.7973
5.98166,-57.6869
5.98293,-57.5767
5.98419,-57.4665
5.98544,-57.3564
5.9867,-57.2464
5.98796,-57.1366
5.98921,-57.0268
5.99046,-56.9171
5.99171,-56.8076
5.99296,-56.6981
5.99421,-56.5888
5.99546,-56.4795
5.9967,-56.3703
5.99795,-56.2613
5.99919,-56.1523
6.00043,-56.0435
6.00166,-55.9347
6.0029,-55.826
6.00414,-55.7175
6.00537,-55.609
6.0066,-55.5007
6.00783,-55.3924
6.00906,-55.2843
6.01029,-55.1762
6.01152,-55.0683
6.01274,-54.9604
6.01397,-54.8527
6.01519,-54.745
6.01641,-54.6375
6.01763,-54.53
6.01884,-54.4227
6.02006,-54.3154
6.02127,-54.2083
6.02249,-54.1013
6.0237,-53.9943
6.02491,-53.8875
6.02612,-53.7807
6.02732,-53.6741
6.02853,-53.5676
6.02973,-53.4611
6.03094,-53.3548
6.03214,-53.2485
6.03334,-53.1424
6.03453,-53.0364
6.03573,-52.9305
6.03693,-52.8246
6.03812,-52.7189
6.03931,-52.6133
6.0405,-52.5077
6.04169,-52.4023
6.04288,-52.297
6.04407,-52.1917
6.04526,-52.0866
6.04644,-51.9816
6.04762,-51.8767
6.0488,-51.7718
6.04998,-51.6671
6.05116,-51.5625
6.05234,-51.458
6.05351,-51.3536
6.05469,-51.2492
6.05586,-51.145
6.05703,-51.0409
6.0582,-50.9369
6.05937,-50.833
6.06054,-50.7292
6.06171,-50.6254
6.06287,-50.5218
6.06404,-50.4183
6.0652,-50.3149
6.06636,-50.2116
6.06752,-50.1084
6.06868,-50.0053
6.06983,-49.9023
6.07099,-49.7994
6.07214,-49.6966
6.07329,-49.5939
6.07445,-49.4912
6.0756,-49.3887
6.07674,-49.2863
6.07789,-49.184
6.07904,-49.0818
6.08018,-48.9797
6.08133,-48.8777
6.08247,-48.7758
6.08361,-48.674
6.08475,-48.5723
6.08589,-48.4708
6.08702,-48.3693
6.08816,-48.2679
6.08929,-48.1666
6.09043,-48.0654
6.09156,-47.9643
6.09269,-47.8633
6.09382,-47.7624
6.09495,-47.6616
6.09607,-47.5609
6.0972,-47.4603
6.09832,-47.3599
6.09945,-47.2595
6.10057,-47.1592
6.10169,-47.059
6.10281,-46.9589
6.10393,-46.8589
6.10504,-46.7591
6.10616,-46.6593
6.10727,-46.5596
6.10839,-46.46
6.1095,-46.3605
6.11061,-46.2612
6.11172,-46.1619
6.11283,-46.0627
6.11393,-45.9636
6.11504,-45.8647
6.11614,-45.7658
6.11725,-45.667
6.11835,-45.5683
6.11945,-45.4698
6.12055,-45.3713
6.12165,-45.2729
6.12274,-45.1747
6.12384,-45.0765
6.12493,-44.9784
6.12603,-44.8805
6.12712,-44.7826
6.12821,-44.6848
6.1293,-44.5872
6.13039,-44.4896
6.13148,-44.3922
6.13256,-44.2948
6.13365,-44.1975
6.13473,-44.1004
6.13581,-44.0033
6.1369,-43.9064
6.13798,-43.8095
6.13906,-43.7128
6.14013,-43.6161
6.14121,-43.5196
6.14229,-43.4231
6.14336,-43.3268
6.14444,-43.2305
6.14551,-43.1344
6.14658,-43.0383
6.14765,-42.9424
6.14872,-42.8465
6.14979,-42.7508
6.15085,-42.6551
6.15192,-42.5596
6.15298,-42.4641
6.15405,-42.3688
6.15511,-42.2736
6.15617,-42.1784
6.15723,-42.0834
6.15829,-41.9884
6.15935,-41.8936
6.1604,-41.7989
6.16146,-41.7042
6.16251,-41.6097
6.16356,-41.5153
6.16462,-41.4209
6.16567,-41.3267
6.16672,-41.2326
6.16777,-41.1385
6.16881,-41.0446
6.16986,-40.9508
6.17091,-40.857
6.17195,-40.7634
6.17299,-40.6699
6.17404,-40.5765
6.17508,-40.4831
6.17612,-40.3899
6.17716,-40.2968
6.17819,-40.2038
6.17923,-40.1109
6.18027,-40.018
6.1813,-39.9253
6.18233,-39.8327
6.18337,-39.7402
6.1844,-39.6478
6.18543,-39.5555
6.18646,-39.4632
6.18749,-39.3711
6.18851,-39.2791
6.18954,-39.1872
6.19057,-39.0954
6.19159,-39.0037
6.19261,-38.9121
6.19363,-38.8206
6.19466,-38.7292
6.19568,-38.6379
6.19669,-38.5467
6.19771,-38.4556
6.19873,-38.3645
6.19974,-38.2736
6.20076,-38.1828
6.20177,-38.0921
6.20279,-38.0015
6.2038,-37.911
6.20481,-37.8207
6.20582,-37.7304
6.20683,-37.6402
6.20783,-37.5501
6.20884,-37.4601
6.20985,-37.3702
6.21085,-37.2804
6.21185,-37.1907
6.21286,-37.1011
6.21386,-37.0116
6.21486,-36.9222
6.21586,-36.8329
6.21686,-36.7438
6.21785,-36.6547
6.21885,-36.5657
6.21985,-36.4768
6.22084,-36.388
6.22183,-36.2993
6.22283,-36.2108
6.22382,-36.1223
6.22481,-36.0339
6.2258,-35.9456
6.22679,-35.8575
6.22777,-35.7694
6.22876,-35.6814
6.22975,-35.5935
6.23073,-35.5058
6.23172,-35.4181
6.2327,-35.3305
6.23368,-35.2431
6.23466,-35.1557
6.23564,-35.0684
6.23662,-34.9813
6.2376,-34.8942
6.23857,-34.8072
6.23955,-34.7204
6.24053,-34.6336
6.2415,-34.5469
6.24247,-34.4604
6.24345,-34.3739
6.24442,-34.2876
6.24539,-34.2013
6.24636,-34.1152
6.24733,-34.0291
6.24829,-33.9431
6.24926,-33.8573
6.25023,-33.7715
6.25119,-33.6859
6.25215,-33.6003
6.25312,-33.5149
6.25408,-33.4295
6.25504,-33.3443
6.256,-33.2591
6.25696,-33.1741
6.25792,-33.0892
6.25888,-33.0043
6.25983,-32.9196
6.26079,-32.8349
6.26174,-32.7504
6.2627,-32.666
6.26365,-32.5816
6.2646,-32.4974
6.26555,-32.4133
6.2665,-32.3292
6.26745,-32.2453
6.2684,-32.1615
6.26935,-32.0777
6.27029,-31.9941
6.27124,-31.9106
6.27218,-31.8271
6.27313,-31.7438
6.27407,-31.6606
6.27501,-31.5775
6.27595,-31.4945
6.27689,-31.4115
6.27783,-31.3287
6.27877,-31.246
6.27971,-31.1634
6.28065,-31.0809
6.28158,-30.9984
6.28252,-30.9161
6.28345,-30.8339
6.28438,-30.7518
6.28532,-30.6698
6.28625,-30.5879
6.28718,-30.5061
6.28811,-30.4244
6.28904,-30.3428
6.28997,-30.2613
6.29089,-30.1799
6.29182,-30.0985
6.29274,-30.0173
6.29367,-29.9362
6.29459,-29.8552
6.29552,-29.7743
6.29644,-29.6936
6.29736,-29.6129
6.29828,-29.5323
6.2992,-29.4518
6.30012,-29.3714
6.30104,-29.2911
6.30195,-29.2109
6.30287,-29.1308
6.30378,-29.0508
6.3047,-28.9709
6.30561,-28.8912
6.30653,-28.8115
6.30744,-28.7319
6.30835,-28.6524
6.30926,-28.573
6.31017,-28.4938
6.31108,-28.4146
6.31198,-28.3355
6.31289,-28.2565
6.3138,-28.1777
6.3147,-28.0989
6.31561,-28.0202
6.31651,-27.9416
6.31741,-27.8632
6.31832,-27.7848
6.31922,-27.7065
6.32012,-27.6284
6.32102,-27.5503
6.32192,-27.4724
6.32282,-27.3945
6.32371,-27.3167
6.32461,-27.2391
6.3255,-27.1615
6.3264,-27.0841
6.32729,-27.0067
6.32819,-26.9295
6.32908,-26.8523
6.32997,-26.7753
6.33086,-26.6983
6.33175,-26.6215
6.33264,-26.5447
6.33353,-26.4681
6.33442,-26.3915
6.3353,-26.3151
6.33619,-26.2388
6.33708,-26.1625
6.33796,-26.0864
6.33884,-26.0103
6.33973,-25.9344
6.34061,-25.8586
6.34149,-25.7828
6.34237,-25.7072
6.34325,-25.6317
6.34413,-25.5563
6.34501,-25.4809
6.34589,-25.4057
6.34676,-25.3306
6.34764,-25.2556
6.34851,-25.1807
6.34939,-25.1058
6.35026,-25.0311
6.35114,-24.9565
6.35201,-24.882
6.35288,-24.8076
6.35375,-24.7333
6.35462,-24.6591
6.35549,-24.585
6.35636,-24.5109
6.35723,-24.437
6.35809,-24.3632
6.35896,-24.2895
6.35982,-24.2159
6.36069,-24.1424
6.36155,-24.069
6.36242,-23.9958
6.36328,-23.9226
6.36414,-23.8495
6.365,-23.7765
6.36586,-23.7036
6.36672,-23.6308
6.36758,-23.5581
6.36844,-23.4855
6.36929,-23.413
6.37015,-23.3407
6.37101,-23.2684
6.37186,-23.1962
6.37272,-23.1241
6.37357,-23.0522
6.37442,-22.9803
6.37527,-22.9085
6.37613,-22.8369
6.37698,-22.7653
6.37783,-22.6938
6.37868,-22.6225
6.37952,-22.5512
6.38037,-22.48
6.38122,-22.409
6.38207,-22.338
6.38291,-22.2672
6.38376,-22.1964
6.3846,-22.1258
6.38544,-22.0552
6.38629,-21.9848
6.38713,-21.9144
6.38797,-21.8442
6.38881,-21.774
6.38965,-21.704
6.39049,-21.634
6.39133,-21.5642
6.39217,-21.4945
6.393,-21.4248
6.39384,-21.3553
6.39468,-21.2859
6.39551,-21.2166
6.39635,-21.1473
6.39718,-21.0782
6.39801,-21.0092
6.39884,-20.9403
6.39968,-20.8714
6.40051,-20.8027
6.40134,-20.7341
6.40217,-20.6656
6.403,-20.5972
6.40382,-20.5289
6.40465,-20.4607
6.40548,-20.3926
6.4063,-20.3246
6.40713,-20.2567
6.40795,-20.1889
6.40878,-20.1212
6.4096,-20.0536
6.41042,-19.9861
6.41125,-19.9187
6.41207,-19.8514
6.41289,-19.7842
6.41371,-19.7171
6.41453,-19.6501
6.41535,-19.5833
6.41616,-19.5165
6.41698,-19.4498
6.4178,-19.3832
6.41861,-19.3168
6.41943,-19.2504
6.42024,-19.1841
6.42106,-19.118
6.42187,-19.0519
6.42268,-18.9859
6.4235,-18.9201
6.42431,-18.8543
6.42512,-18.7887
6.42593,-18.7231
6.42674,-18.6577
6.42755,-18.5923
6.42836,-18.5271
6.42916,-18.4619
6.42997,-18.3969
6.43078,-18.3319
6.43158,-18.2671
6.43239,-18.2024
6.43319,-18.1377
6.43399,-18.0732
6.4348,-18.0088
6.4356,-17.9445
6.4364,-17.8802
6.4372,-17.8161
6.438,-17.7521
6.4388,-17.6882
6.4396,-17.6244
6.4404,-17.5607
6.4412,-17.497
6.44199,-17.4335
6.44279,-17.3701
6.44359,-17.3068
6.44438,-17.2436
6.44518,-17.1805
6.44597,-17.1176
6.44676,-17.0547
6.44756,-16.9919
6.44835,-16.9292
6.44914,-16.8666
6.44993,-16.8041
6.45072,-16.7417
6.45151,-16.6795
6.4523,-16.6173
6.45309,-16.5552
6.45388,-16.4933
6.45466,-16.4314
6.45545,-16.3696
6.45623,-16.308
6.45702,-16.2464
6.4578,-16.185
6.45859,-16.1236
6.45937,-16.0624
6.46015,-16.0012
6.46094,-15.9402
6.46172,-15.8792
6.4625,-15.8184
6.46328,-15.7577
6.46406,-15.697
6.46484,-15.6365
6.46562,-15.5761
6.46639,-15.5157
6.46717,-15.4555
6.46795,-15.3954
6.46872,-15.3354
6.4695,-15.2755
6.47028,-15.2157
6.47105,-15.156
6.47182,-15.0964
6.4726,-15.0369
6.47337,-14.9775
6.47414,-14.9182
6.47491,-14.859
6.47568,-14.7999
6.47645,-14.7409
6.47722,-14.682
6.47799,-14.6232
6.47876,-14.5646
6.47953,-14.506
6.48029,-14.4475
6.48106,-14.3892
6.48183,-14.3309
6.48259,-14.2727
6.48336,-14.2147
6.48412,-14.1567
6.48489,-14.0989
6.48565,-14.0411
6.48641,-13.9835
6.48717,-13.9259
6.48793,-13.8685
6.48869,-13.8112
6.48945,-13.7539
6.49021,-13.6968
6.49097,-13.6398
6.49173,-13.5829
6.49249,-13.526
6.49325,-13.4693
6.494,-13.4127
6.49476,-13.3562
6.49552,-13.2998
6.49627,-13.2435
6.49703,-13.1873
6.49778,-13.1312
6.49853,-13.0752
6.49928,-13.0194
6.50004,-12.9636
6.50079,-12.9079
6.50154,-12.8523
6.50229,-12.7969
6.50304,-12.7415
6.50379,-12.6862
6.50454,-12.6311
6.50529,-12.576
6.50603,-12.5211
6.50678,-12.4662
6.50753,-12.4115
6.50827,-12.3568
6.50902,-12.3023
6.50976,-12.2479
6.51051,-12.1935
6.51125,-12.1393
6.512,-12.0852
6.51274,-12.0312
6.51348,-11.9773
6.51422,-11.9234
6.51496,-11.8697
6.5157,-11.8161
6.51644,-11.7626
6.51718,-11.7093
6.51792,-11.656
6.51866,-11.6028
6.5194,-11.5497
6.52013,-11.4967
6.52087,-11.4439
6.52161,-11.3911
6.52234,-11.3384
6.52308,-11.2859
6.52381,-11.2334
6.52455,-11.1811
6.52528,-11.1288
6.52601,-11.0767
6.52674,-11.0246
6.52748,-10.9727
6.52821,-10.9209
6.52894,-10.8692
6.52967,-10.8176
6.5304,-10.766
6.53113,-10.7146
6.53186,-10.6633
6.53258,-10.6121
6.53331,-10.561
6.53404,-10.51
6.53477,-10.4592
6.53549,-10.4084
6.53622,-10.3577
6.53694,-10.3071
6.53767,-10.2567
6.53839,-10.2063
6.53911,-10.156
6.53984,-10.1059
6.54056,-10.0558
6.54128,-10.0059
6.542,-9.95607
6.54272,-9.90634
6.54344,-9.85672
6.54416,-9.8072
6.54488,-9.75778
6.5456,-9.70847
6.54632,-9.65927
6.54704,-9.61017
6.54775,-9.56117
6.54847,-9.51229
6.54919,-9.4635
6.5499,-9.41482
6.55062,-9.36625
6.55133,-9.31779
6.55204,-9.26942
6.55276,-9.22117
6.55347,-9.17302
6.55418,-9.12497
6.5549,-9.07703
6.55561,-9.0292
6.55632,-8.98147
6.55703,-8.93385
6.55774,-8.88634
6.55845,-8.83892
6.55916,-8.79162
6.55987,-8.74442
6.56057,-8.69733
6.56128,-8.65034
6.56199,-8.60346
6.56269,-8.55669
6.5634,-8.51002
6.56411,-8.46346
6.56481,-8.417
6.56552,-8.37065
6.56622,-8.32441
6.56692,-8.27827
6.56763,-8.23224
6.56833,-8.18632
6.56903,-8.1405
6.56973,-8.09479
6.57043,-8.04918
6.57113,-8.00368
6.57183,-7.95829
6.57253,-7.91301
6.57323,-7.86783
6.57393,-7.82276
6.57463,-7.77779
6.57533,-7.73293
6.57602,-7.68818
6.57672,-7.64354
6.57742,-7.599
6.57811,-7.55457
6.57881,-7.51025
6.5795,-7.46603
6.5802,-7.42192
6.58089,-7.37792
6.58158,-7.33402
6.58228,-7.29024
6.58297,-7.24656
6.58366,-7.20298
6.58435,-7.15952
6.58504,-7.11616
6.58573,-7.07291
6.58642,-7.02977
6.58711,-6.98673
6.5878,-6.9438
6.58849,-6.90099
6.58918,-6.85827
6.58986,-6.81567
6.59055,-6.77317
6.59124,-6.73078
6.59192,-6.6885
6.59261,-6.64633
6.59329,-6.60426
6.59398,-6.56231
6.59466,-6.52046
6.59535,-6.47872
6.59603,-6.43709
6.59671,-6.39557
6.5974,-6.35415
6.59808,-6.31285
6.59876,-6.27165
6.59944,-6.23056
6.60012,-6.18958
6.6008,-6.14871
6.60148,-6.10795
6.60216,-6.0673
6.60284,-6.02675
6.60352,-5.98632
6.60419,-5.94599
6.60487,-5.90577
6.60555,-5.86566
6.60622,-5.82567
6.6069,-5.78578
6.60758,-5.746
6.60825,-5.70632
6.60893,-5.66676
6.6096,-5.62731
6.61027,-5.58797
6.61095,-5.54874
6.61162,-5.50962
6.61229,-5.47061
6.61296,-5.4317
6.61363,-5.39291
6.61431,-5.35423
6.61498,-5.31566
6.61565,-5.27719
6.61632,-5.23884
6.61698,-5.2006
6.61765,-5.16247
6.61832,-5.12445
6.61899,-5.08654
6.61966,-5.04874
6.62032,-5.01106
6.62099,-4.97348
6.62166,-4.93601
6.62232,-4.89866
6.62299,-4.86141
6.62365,-4.82428
6.62432,-4.78726
6.62498,-4.75035
6.62564,-4.71355
6.62631,-4.67686
6.62697,-4.64029
6.62763,-4.60383
6.62829,-4.56748
6.62895,-4.53123
6.62961,-4.49511
6.63027,-4.45909
6.63093,-4.42319
6.63159,-4.3874
6.63225,-4.35171
6.63291,-4.31615
6.63357,-4.2807
6.63423,-4.24536
6.63488,-4.21013
6.63554,-4.17501
6.6362,-4.14001
6.63685,-4.10512
6.63751,-4.07034
6.63816,-4.03568
6.63882,-4.00113
6.63947,-3.9667
6.64013,-3.93237
6.64078,-3.89816
6.64143,-3.86407
6.64208,-3.83009
6.64274,-3.79622
6.64339,-3.76247
6.64404,-3.72884
6.64469,-3.69531
6.64534,-3.6619
6.64599,-3.62861
6.64664,-3.59543
6.64729,-3.56236
6.64794,-3.52941
6.64859,-3.49657
6.64923,-3.46386
6.64988,-3.43125
6.65053,-3.39876
6.65118,-3.36639
6.65182,-3.33413
6.65247,-3.30199
6.65311,-3.26996
6.65376,-3.23806
6.6544,-3.20626
6.65505,-3.17459
6.65569,-3.14303
6.65633,-3.11158
6.65698,-3.08026
6.65762,-3.04905
6.65826,-3.01796
6.6589,-2.98698
6.65954,-2.95612
6.66018,-2.92538
6.66083,-2.89476
6.66147,-2.86426
6.6621,-2.83387
6.66274,-2.8036
6.66338,-2.77345
6.66402,-2.74342
6.66466,-2.71351
6.6653,-2.68372
6.66593,-2.65405
6.66657,-2.62449
6.66721,-2.59506
6.66784,-2.56574
6.66848,-2.53655
6.66911,-2.50747
6.66975,-2.47851
6.67038,-2.44968
6.67102,-2.42096
6.67165,-2.39237
6.67228,-2.3639
6.67292,-2.33555
6.67355,-2.30732
6.67418,-2.27921
6.67481,-2.25122
6.67544,-2.22335
6.67607,-2.19561
6.6767,-2.16798
6.67733,-2.14049
6.67796,-2.11311
6.67859,-2.08586
6.67922,-2.05873
6.67985,-2.03173
6.68048,-2.00484
6.6811,-1.97808
6.68173,-1.95145
6.68236,-1.92494
6.68298,-1.89855
6.68361,-1.87229
6.68424,-1.84615
6.68486,-1.82015
6.68549,-1.79426
6.68611,-1.7685
6.68674,-1.74287
6.68736,-1.71736
6.68798,-1.69198
6.6886,-1.66673
6.68923,-1.6416
6.68985,-1.6166
6.69047,-1.59174
6.69109,-1.56699
6.69171,-1.54238
6.69233,-1.51789
6.69295,-1.49353
6.69357,-1.46931
6.69419,-1.44521
6.69481,-1.42124
6.69543,-1.3974
6.69605,-1.37369
6.69667,-1.35012
6.69728,-1.32667
6.6979,-1.30336
6.69852,-1.28018
6.69913,-1.25712
6.69975,-1.23421
6.70037,-1.21142
6.70098,-1.18877
6.7016,-1.16625
6.70221,-1.14387
6.70282,-1.12162
6.70344,-1.0995
6.70405,-1.07753
6.70466,-1.05568
6.70528,-1.03397
6.70589,-1.0124
6.7065,-0.990968
6.70711,-0.96967
6.70772,-0.948512
6.70833,-0.927491
6.70894,-0.906608
6.70955,-0.885863
6.71016,-0.865258
6.71077,-0.844794
6.71138,-0.824471
6.71199,-0.804287
6.7126,-0.784245
6.71321,-0.764347
6.71381,-0.74459
6.71442,-0.724974
6.71503,-0.705505
6.71563,-0.686178
6.71624,-0.666996
6.71684,-0.64796
6.71745,-0.629071
6.71805,-0.610326
6.71866,-0.591728
6.71926,-0.573279
6.71987,-0.554978
6.72047,-0.536824
6.72107,-0.518821
6.72168,-0.500969
6.72228,-0.483267
6.72288,-0.465717
6.72348,-0.448317
6.72408,-0.431072
6.72468,-0.41398
6.72528,-0.397043
6.72588,-0.380261
6.72648,-0.363635
6.72708,-0.347166
6.72768,-0.330854
6.72828,-0.3147
6.72888,-0.298705
6.72948,-0.282871
6.73007,-0.267197
6.73067,-0.251686
6.73127,-0.236336
6.73186,-0.221152
6.73246,-0.20613
6.73306,-0.191276
6.73365,-0.176587
6.73425,-0.162066
6.73484,-0.147714
6.73544,-0.133531
6.73603,-0.119519
6.73662,-0.105679
6.73722,-0.0920122
6.73781,-0.0785195
6.7384,-0.0652022
6.73899,-0.052062
6.73959,-0.0390995
6.74018,-0.0263152
6.74077,-0.0137126
6.74136,-0.00129183
6.74195,0.0109498
6.74254,0.0230034
6.74313,0.0348651
6.74372,0.0465496
6.74431,0.058033
6.7449,0.0693395
6.74549,0.0804457
6.74607,0.0913569
6.74666,0.102069
6.74725,0.112596
6.74784,0.122917
6.74842,0.133035
6.74901,0.142948
6.7496,0.152661
6.75018,0.162161
6.75077,0.171463
6.75135,0.180545
6.75194,0.189413
6.75252,0.198072
6.7531,0.206502
6.75369,0.214724
6.75427,0.222711
6.75485,0.230477
6.75544,0.238016
6.75602,0.245328
6.7566,0.252399
6.75718,0.259236
6.75776,0.265835
6.75834,0.272193
6.75893,0.278298
6.75951,0.284163
6.76009,0.28977
6.76066,0.295114
6.76124,0.300208
6.76182,0.305033
6.7624,0.309593
6.76298,0.313876
6.76356,0.317886
6.76413,0.321612
6.76471,0.325057
6.76529,0.32821
6.76587,0.331065
6.76644,0.333618
6.76702,0.335872
6.76759,0.337807
6.76817,0.339432
6.76874,0.340727
6.76932,0.341694
6.76989,0.342326
6.77047,0.342611
6.77104,0.342547
6.77161,0.342121
6.77219,0.341332
6.77276,0.340165
6.77333,0.33862
6.7739,0.336672
6.77447,0.334327
6.77505,0.331567
6.77562,0.328382
6.77619,0.324761
6.77676,0.320691
6.77733,0.31616
6.7779,0.311162
6.77847,0.305667
6.77903,0.299675
6.7796,0.293162
6.78017,0.286111
6.78074,0.27851
6.78131,0.270332
6.78188,0.261564
6.78244,0.252182
6.78301,0.242162
6.78358,0.231477
6.78414,0.220099
6.78471,0.208006
6.78527,0.195164
6.78584,0.181538
6.7864,0.167098
6.78697,0.151794
6.78753,0.135597
6.7881,0.118449
6.78866,0.100307
6.78922,0.0811191
6.78978,0.0608128
6.79035,0.0393457
6.79091,0.0166211
6.79147,-0.00743054
6.79203,-0.0328972
6.79259,-0.0598785
6.79316,-0.0884859
6.79372,-0.118842
6.79428,-0.15109
6.79484,-0.185387
6.7954,-0.221916
6.79596,-0.260883
6.79651,-0.30253
6.79707,-0.347139
6.79763,-0.395037
6.79819,-0.446614
6.79875,-0.502337
6.79931,-0.562768
6.79986,-0.628602
6.80042,-0.700698
6.80098,-0.780144
6.80153,-0.868353
6.80209,-0.967189
6.80264,-1.0792
6.8032,-1.20797
6.80376,-1.35884
6.80431,-1.5402
6.80486,-1.76635
6.80542,-2.06506
6.80597,-2.50207
6.80653,-3.31658
6.80708,-4.59552
6.80763,-2.86127
6.80818,-2.25369
6.80874,-1.87385
6.80929,-1.5958
6.80984,-1.37577
6.81039,-1.19332
6.81094,-1.03722
6.81149,-0.900631
6.81204,-0.779102
6.8126,-0.669548
6.81315,-0.569751
6.81369,-0.47807
6.81424,-0.393243
6.81479,-0.314292
6.81534,-0.240436
6.81589,-0.171042
6.81644,-0.105593
6.81699,-0.0436593
6.81753,0.0151152
6.81808,0.0710547
6.81863,0.124392
6.81917,0.175381
6.81972,0.224191
6.82027,0.271011
6.82081,0.315993
6.82136,0.359254
6.8219,0.400915
6.82245,0.44109
6.82299,0.479861
6.82354,0.517322
6.82408,0.553546
6.82462,0.588592
6.82517,0.622537
6.82571,0.65543
6.82625,0.68732
6.8268,0.718259
6.82734,0.748289
6.82788,0.777447
6.82842,0.805775
6.82896,0.833305
6.8295,0.860063
6.83004,0.886083
6.83058,0.911387
6.83112,0.936007
6.83166,0.959963
6.8322,0.983276
6.83274,1.00596
6.83328,1.02805
6.83382,1.04955
6.83436,1.07048
6.8349,1.09085
6.83543,1.11068
6.83597,1.12999
6.83651,1.14878
6.83705,1.16707
6.83758,1.18487
6.83812,1.20219
6.83866,1.21903
6.83919,1.23542
6.83973,1.25135
6.84026,1.26684
6.8408,1.28189
6.84133,1.29651
6.84187,1.31071
6.8424,1.32449
6.84293,1.33787
6.84347,1.35083
6.844,1.3634
6.84453,1.37557
6.84507,1.38736
6.8456,1.39876
6.84613,1.40978
6.84666,1.42042
6.84719,1.43069
6.84772,1.44059
6.84826,1.45012
6.84879,1.45928
6.84932,1.46809
6.84985,1.47653
6.85038,1.48462
6.85091,1.49235
6.85143,1.49973
6.85196,1.50676
6.85249,1.51344
6.85302,1.51976
6.85355,1.52574
6.85408,1.53138
6.8546,1.53666
6.85513,1.5416
6.85566,1.54619
6.85619,1.55044
6.85671,1.55434
6.85724,1.5579
6.85776,1.5611
6.85829,1.56396
6.85882,1.56647
6.85934,1.56864
6.85986,1.57045
6.86039,1.57191
6.86091,1.57302
6.86144,1.57377
6.86196,1.57417
6.86248,1.5742
6.86301,1.57388
6.86353,1.57319
6.86405,1.57213
6.86458,1.57071
6.8651,1.56891
6.86562,1.56673
6.86614,1.56417
6.86666,1.56124
6.86718,1.55791
6.8677,1.55419
6.86822,1.55007
6.86874,1.54554
6.86926,1.54061
6.86978,1.53527
6.8703,1.5295
6.87082,1.52331
6.87134,1.51668
6.87186,1.50961
6.87238,1.50209
6.8729,1.49411
6.87341,1.48567
6.87393,1.47675
6.87445,1.46734
6.87497,1.45744
6.87548,1.44703
6.876,1.4361
6.87651,1.42463
6.87703,1.41262
6.87755,1.40005
6.87806,1.38691
6.87858,1.37317
6.87909,1.35882
6.87961,1.34384
6.88012,1.3282
6.88063,1.3119
6.88115,1.29491
6.88166,1.2772
6.88217,1.25874
6.88269,1.23951
6.8832,1.21947
6.88371,1.19859
6.88422,1.17684
6.88474,1.15417
6.88525,1.13055
6.88576,1.10592
6.88627,1.08023
6.88678,1.05343
6.88729,1.02546
6.8878,0.996255
6.88831,0.965728
6.88882,0.933801
6.88933,0.900385
6.88984,0.865376
6.89035,0.828657
6.89086,0.790097
6.89137,0.749551
6.89188,0.706853
6.89238,0.661811
6.89289,0.614201
6.8934,0.563773
6.89391,0.510221
6.89441,0.453194
6.89492,0.392285
6.89543,0.326977
6.89593,0.256663
6.89644,0.180595
6.89694,0.0978161
6.89745,0.00712456
6.89795,-0.0930565
6.89846,-0.204841
6.89896,-0.331146
6.89947,-0.476173
6.89997,-0.646288
6.90048,-0.851819
6.90098,-1.11123
6.90148,-1.46284
6.90199,-2.01026
6.90249,-3.31519
6.90299,-2.79266
6.9035,-1.84037
6.904,-1.36208
6.9045,-1.04037
6.905,-0.797837
6.9055,-0.603274
6.906,-0.440944
6.9065,-0.301793
6.907,-0.180132
6.90751,-0.0721461
6.90801,0.0248389
6.90851,0.112784
6.909,0.193146
6.9095,0.267069
6.91,0.335436
6.9105,0.398971
6.911,0.458247
6.9115,0.513745
6.912,0.56587
6.9125,0.614953
6.91299,0.661285
6.91349,0.70511
6.91399,0.746636
6.91448,0.786054
6.91498,0.823526
6.91548,0.859191
6.91597,0.893178
6.91647,0.925595
6.91697,0.956546
6.91746,0.986119
6.91796,1.0144
6.91845,1.04145
6.91895,1.06734
6.91944,1.09214
6.91993,1.11589
6.92043,1.13865
6.92092,1.16046
6.92141,1.18136
6.92191,1.2014
6.9224,1.2206
6.92289,1.23901
6.92339,1.25665
6.92388,1.27354
6.92437,1.28973
6.92486,1.30522
6.92535,1.32005
6.92585,1.33422
6.92634,1.34778
6.92683,1.36072
6.92732,1.37308
6.92781,1.38486
6.9283,1.39608
6.92879,1.40675
6.92928,1.41689
6.92977,1.42652
6.93026,1.43563
6.93074,1.44425
6.93123,1.45238
6.93172,1.46004
6.93221,1.46723
6.9327,1.47396
6.93319,1.48024
6.93367,1.48607
6.93416,1.49147
6.93465,1.49644
6.93513,1.50099
6.93562,1.50512
6.93611,1.50885
6.93659,1.51216
6.93708,1.51508
6.93756,1.5176
6.93805,1.51973
6.93853,1.52147
6.93902,1.52283
6.9395,1.5238
6.93999,1.5244
6.94047,1.52463
6.94096,1.52449
6.94144,1.52398
6.94192,1.5231
6.94241,1.52186
6.94289,1.52025
6.94337,1.51829
6.94385,1.51597
6.94434,1.51329
6.94482,1.51026
6.9453,1.50687
6.94578,1.50313
6.94626,1.49903
6.94675,1.49458
6.94723,1.48978
6.94771,1.48462
6.94819,1.47912
6.94867,1.47325
6.94915,1.46704
6.94963,1.46046
6.95011,1.45354
6.95059,1.44626
6.95106,1.43861
6.95154,1.43061
6.95202,1.42225
6.9525,1.41352
6.95298,1.40443
6.95346,1.39497
6.95393,1.38514
6.95441,1.37494
6.95489,1.36436
6.95537,1.3534
6.95584,1.34207
6.95632,1.33034
6.9568,1.31822
6.95727,1.3057
6.95775,1.29279
6.95822,1.27947
6.9587,1.26574
6.95917,1.25159
6.95965,1.23703
6.96012,1.22203
6.9606,1.2066
6.96107,1.19072
6.96155,1.17439
6.96202,1.15761
6.96249,1.14035
6.96297,1.12262
6.96344,1.10441
6.96391,1.08569
6.96439,1.06646
6.96486,1.04672
6.96533,1.02644
6.9658,1.00561
6.96627,0.984222
6.96675,0.962254
6.96722,0.939691
6.96769,0.916519
6.96816,0.892715
6.96863,0.868259
6.9691,0.843131
6.96957,0.817305
6.97004,0.790759
6.97051,0.763466
6.97098,0.735392
6.97145,0.706508
6.97192,0.676779
6.97239,0.646171
6.97286,0.61464
6.97332,0.582149
6.97379,0.548636
6.97426,0.514062
6.97473,0.478369
6.9752,0.441482
6.97566,0.403343
6.97613,0.363865
6.9766,0.322974
6.97706,0.280567
6.97753,0.236541
6.978,0.190769
6.97846,0.14313
6.97893,0.0934539
6.9794,0.0415737
6.97986,-0.0127074
6.98033,-0.0696245
6.98079,-0.129446
6.98126,-0.192486
6.98172,-0.259117
6.98218,-0.329783
6.98265,-0.405019
6.98311,-0.485481
6.98358,-0.571981
6.98404,-0.665544
6.9845,-0.767485
6.98497,-0.879535
6.98543,-1.00404
6.98589,-1.14427
6.98635,-1.30503
6.98682,-1.49373
6.98728,-1.72275
6.98774,-2.01518
6.9882,-2.42234
6.98866,-3.10484
6.98912,-6.40043
6.98959,-3.1993
6.99005,-2.49478
6.99051,-2.09147
6.99097,-1.8094
6.99143,-1.5933
6.99189,-1.41881
6.99235,-1.273
6.99281,-1.14817
6.99327,-1.03938
6.99372,-0.943246
6.99418,-0.857373
6.99464,-0.779991
6.9951,-0.709752
6.99556,-0.645615
6.99602,-0.58675
6.99647,-0.532492
6.99693,-0.482296
6.99739,-0.435712
6.99785,-0.392361
6.9983,-0.351925
6.99876,-0.314129
6.99922,-0.27874
6.99967,-0.245554
7.00013,-0.214394
7.00058,-0.185106
7.00104,-0.157551
7.0015,-0.131609
7.00195,-0.10717
7.00241,-0.0841373
7.00286,-0.0624234
7.00332,-0.0419518
7.00377,-0.0226506
7.00422,-0.0044539
7.00468,0.012699
7.00513,0.0288498
7.00559,0.0440647
7.00604,0.0583727
7.00649,0.0718368
7.00695,0.0844698
7.0074,0.0963188
7.00785,0.107418
7.0083,0.117801
7.00876,0.127487
7.00921,0.136504
7.00966,0.144888
7.01011,0.152644
7.01056,0.159803
7.01101,0.166387
7.01146,0.172414
7.01191,0.177895
7.01237,0.182855
7.01282,0.187301
7.01327,0.191257
7.01372,0.194736
7.01417,0.197744
7.01462,0.200292
7.01506,0.20241
7.01551,0.204083
7.01596,0.205346
7.01641,0.206193
7.01686,0.20664
7.01731,0.206689
7.01776,0.206364
7.0182,0.205656
7.01865,0.20458
7.0191,0.203153
7.01955,0.201364
7.01999,0.199228
7.02044,0.196759
7.02089,0.193954
7.02133,0.190827
7.02178,0.187375
7.02223,0.183604
7.02267,0.179526
7.02312,0.175137
7.02356,0.170451
7.02401,0.165472
7.02445,0.160195
7.0249,0.154633
7.02534,0.148791
7.02579,0.142662
7.02623,0.13626
7.02668,0.129589
7.02712,0.122651
7.02756,0.115443
7.02801,0.107984
7.02845,0.100252
7.02889,0.0922692
7.02934,0.0840378
7.02978,0.0755619
7.03022,0.0668265
7.03067,0.0578537
7.03111,0.0486378
7.03155,0.0391823
7.03199,0.0294908
7.03243,0.0195575
7.03287,0.00940563
7.03332,-0.000988488
7.03376,-0.0116071
7.0342,-0.0224522
7.03464,-0.0335216
7.03508,-0.0448143
7.03552,-0.056327
7.03596,-0.0680583
7.0364,-0.080008
7.03684,-0.0921734
7.03728,-0.104553
7.03772,-0.117145
7.03816,-0.129948
7.03859,-0.142962
7.03903,-0.156184
7.03947,-0.169613
7.03991,-0.183249
7.04035,-0.197088
7.04079,-0.211132
7.04122,-0.225379
7.04166,-0.239827
7.0421,-0.254474
7.04254,-0.269322
7.04297,-0.284369
7.04341,-0.299612
7.04385,-0.315052
7.04428,-0.330687
7.04472,-0.346518
7.04516,-0.362544
7.04559,-0.378761
7.04603,-0.395172
7.04646,-0.411775
7.0469,-0.42857
7.04733,-0.445556
7.04777,-0.462731
7.0482,-0.480096
7.04864,-0.497649
7.04907,-0.515393
7.0495,-0.533323
7.04994,-0.551443
7.05037,-0.569748
7.05081,-0.588241
7.05124,-0.60692
7.05167,-0.625786
7.05211,-0.644839
7.05254,-0.664076
7.05297,-0.6835
7.0534,-0.703109
7.05384,-0.722901
7.05427,-0.742882
7.0547,-0.763044
7.05513,-0.783394
7.05556,-0.803927
7.05599,-0.824644
7.05643,-0.845548
7.05686,-0.866637
7.05729,-0.88791
7.05772,-0.909367
7.05815,-0.931011
7.05858,-0.952841
7.05901,-0.974855
7.05944,-0.997053
7.05987,-1.01944
7.0603,-1.04201
7.06073,-1.06477
7.06116,-1.08772
7.06158,-1.11085
7.06201,-1.13418
7.06244,-1.15768
7.06287,-1.18138
7.0633,-1.20527
7.06373,-1.22935
7.06415,-1.25362
7.06458,-1.27808
7.06501,-1.30274
7.06544,-1.32758
7.06586,-1.35262
7.06629,-1.37785
7.06672,-1.40329
7.06714,-1.42891
7.06757,-1.45474
7.068,-1.48076
7.06842,-1.50698
7.06885,-1.5334
7.06927,-1.56002
7.0697,-1.58685
7.07012,-1.61389
7.07055,-1.64112
7.07097,-1.66857
7.0714,-1.69623
7.07182,-1.72409
7.07225,-1.75217
7.07267,-1.78046
7.0731,-1.80897
7.07352,-1.8377
7.07394,-1.86665
7.07437,-1.89581
7.07479,-1.92521
7.07521,-1.95483
7.07564,-1.98468
7.07606,-2.01476
7.07648,-2.04508
7.0769,-2.07563
7.07733,-2.10643
7.07775,-2.13746
7.07817,-2.16874
7.07859,-2.20028
7.07901,-2.23206
7.07943,-2.26411
7.07986,-2.2964
7.08028,-2.32898
7.0807,-2.36181
7.08112,-2.39492
7.08154,-2.42831
7.08196,-2.46198
7.08238,-2.49594
7.0828,-2.53019
7.08322,-2.56474
7.08364,-2.59959
7.08406,-2.63476
7.08448,-2.67024
7.0849,-2.70605
7.08531,-2.74218
7.08573,-2.77866
7.08615,-2.81548
7.08657,-2.85266
7.08699,-2.8902
7.08741,-2.92811
7.08782,-2.96641
7.08824,-3.0051
7.08866,-3.0442
7.08908,-3.08371
7.08949,-3.12365
7.08991,-3.16403
7.09033,-3.20487
7.09074,-3.24618
7.09116,-3.28798
7.09158,-3.33028
7.09199,-3.3731
7.09241,-3.41646
7.09282,-3.46039
7.09324,-3.5049
7.09365,-3.55002
7.09407,-3.59577
7.09448,-3.64218
7.0949,-3.68929
7.09531,-3.73711
7.09573,-3.7857
7.09614,-3.83508
7.09656,-3.88529
7.09697,-3.93639
7.09739,-3.98841
7.0978,-4.04142
7.09821,-4.09547
7.09863,-4.15062
7.09904,-4.20695
7.09945,-4.26454
7.09986,-4.32346
7.10028,-4.38382
7.10069,-4.44572
7.1011,-4.50931
7.10151,-4.57469
7.10193,-4.64204
7.10234,-4.71153
7.10275,-4.78337
7.10316,-4.85779
7.10357,-4.93508
7.10398,-5.01555
7.10439,-5.09958
7.1048,-5.18765
7.10522,-5.2803
7.10563,-5.37821
7.10604,-5.48224
7.10645,-5.59344
7.10686,-5.71321
7.10727,-5.84336
7.10768,-5.98639
7.10808,-6.14581
7.10849,-6.32678
7.1089,-6.53741
7.10931,-6.79145
7.10972,-7.11527
7.11013,-7.57021
7.11054,-8.36945
7.11095,-10.1504
7.11135,-8.11996
7.11176,-7.51654
7.11217,-7.15766
7.11258,-6.90525
7.11298,-6.71275
7.11339,-6.55875
7.1138,-6.4316
7.11421,-6.32423
7.11461,-6.23206
7.11502,-6.15194
7.11543,-6.08159
7.11583,-6.01933
7.11624,-5.96389
7.11664,-5.91427
7.11705,-5.86966
7.11746,-5.82943
7.11786,-5.79306
7.11827,-5.7601
7.11867,-5.73019
7.11908,-5.70302
7.11948,-5.67832
7.11989,-5.65586
7.12029,-5.63545
7.12069,-5.61691
7.1211,-5.60008
7.1215,-5.58484
7.12191,-5.57107
7.12231,-5.55864
7.12271,-5.54748
7.12312,-5.53749
7.12352,-5.5286
7.12392,-5.52074
7.12433,-5.51383
7.12473,-5.50783
7.12513,-5.50267
7.12553,-5.49832
7.12594,-5.49471
7.12634,-5.49183
7.12674,-5.48961
7.12714,-5.48804
7.12754,-5.48707
7.12794,-5.48667
7.12834,-5.48682
7.12875,-5.48749
7.12915,-5.48865
7.12955,-5.49028
7.12995,-5.49236
7.13035,-5.49487
7.13075,-5.49778
7.13115,-5.50108
7.13155,-5.50476
7.13195,-5.50879
7.13235,-5.51316
7.13275,-5.51786
7.13315,-5.52287
7.13355,-5.52817
7.13394,-5.53376
7.13434,-5.53963
7.13474,-5.54576
7.13514,-5.55214
7.13554,-5.55876
7.13594,-5.56561
7.13634,-5.57268
7.13673,-5.57997
7.13713,-5.58746
7.13753,-5.59515
7.13793,-5.60302
7.13832,-5.61107
7.13872,-5.6193
7.13912,-5.62769
7.13951,-5.63624
7.13991,-5.64495
7.14031,-5.6538
7.1407,-5.66279
7.1411,-5.67191
7.1415,-5.68116
7.14189,-5.69054
7.14229,-5.70004
7.14268,-5.70964
7.14308,-5.71936
7.14347,-5.72918
7.14387,-5.7391
7.14426,-5.74912
7.14466,-5.75922
7.14505,-5.76942
7.14545,-5.77969
7.14584,-5.79005
7.14623,-5.80047
7.14663,-5.81097
7.14702,-5.82155
7.14742,-5.83218
7.14781,-5.84288
7.1482,-5.85363
7.1486,-5.86444
7.14899,-5.8753
7.14938,-5.88621
7.14977,-5.89717
7.15017,-5.90817
7.15056,-5.91922
7.15095,-5.9303
7.15134,-5.94142
7.15174,-5.95258
7.15213,-5.96376
7.15252,-5.97498
7.15291,-5.98623
7.1533,-5.99749
7.15369,-6.00879
7.15408,-6.02011
7.15447,-6.03144
7.15487,-6.0428
7.15526,-6.05417
7.15565,-6.06555
7.15604,-6.07694
7.15643,-6.08835
7.15682,-6.09977
7.15721,-6.1112
7.1576,-6.12264
7.15799,-6.13407
7.15837,-6.14552
7.15876,-6.15696
7.15915,-6.16841
7.15954,-6.17985
7.15993,-6.1913
7.16032,-6.20275
7.16071,-6.21419
7.1611,-6.22562
7.16148,-6.23706
7.16187,-6.24848
7.16226,-6.2599
7.16265,-6.27131
7.16304,-6.28271
7.16342,-6.29411
7.16381,-6.30549
7.1642,-6.31686
7.16458,-6.32821
7.16497,-6.33955
7.16536,-6.35089
7.16574,-6.3622
7.16613,-6.3735
7.16652,-6.38479
7.1669,-6.39606
7.16729,-6.40731
7.16767,-6.41855
7.16806,-6.42977
7.16844,-6.44097
7.16883,-6.45215
7.16922,-6.46331
7.1696,-6.47445
7.16998,-6.48558
7.17037,-6.49668
7.17075,-6.50777
7.17114,-6.51883
7.17152,-6.52987
7.17191,-6.54089
7.17229,-6.55188
7.17267,-6.56285
7.17306,-6.57381
7.17344,-6.58473
7.17383,-6.59564
7.17421,-6.60652
7.17459,-6.61738
7.17497,-6.62822
7.17536,-6.63903
7.17574,-6.64982
7.17612,-6.66058
7.1765,-6.67132
7.17689,-6.68203
7.17727,-6.69272
7.17765,-6.7034
7.17803,-6.71403
7.17841,-6.72465
7.1788,-6.73525
7.17918,-6.74582
7.17956,-6.75636
7.17994,-6.76687
7.18032,-6.77737
7.1807,-6.78784
7.18108,-6.79828
7.18146,-6.8087
7.18184,-6.81909
7.18222,-6.82946
7.1826,-6.83981
7.18298,-6.85013
7.18336,-6.86041
7.18374,-6.87069
7.18412,-6.88093
7.1845,-6.89115
7.18488,-6.90135
7.18526,-6.91152
7.18564,-6.92166
7.18602,-6.93178
7.18639,-6.94188
7.18677,-6.95195
7.18715,-6.962
7.18753,-6.97202
7.18791,-6.98202
7.18829,-6.99199
7.18866,-7.00194
7.18904,-7.01187
7.18942,-7.02177
7.1898,-7.03165
7.19017,-7.0415
7.19055,-7.05134
7.19093,-7.06114
7.1913,-7.07093
7.19168,-7.08069
7.19206,-7.09043
7.19243,-7.10014
7.19281,-7.10983
7.19318,-7.1195
7.19356,-7.12914
7.19394,-7.13877
7.19431,-7.14837
7.19469,-7.15795
7.19506,-7.1675
7.19544,-7.17703
7.19581,-7.18654
7.19619,-7.19603
7.19656,-7.2055
7.19694,-7.21494
7.19731,-7.22437
7.19769,-7.23377
7.19806,-7.24315
7.19843,-7.2525
7.19881,-7.26184
7.19918,-7.27116
7.19955,-7.28045
7.19993,-7.28973
7.2003,-7.29898
7.20067,-7.30821
7.20105,-7.31742
7.20142,-7.32661
7.20179,-7.33579
7.20217,-7.34494
7.20254,-7.35407
7.20291,-7.36318
7.20328,-7.37227
7.20366,-7.38134
7.20403,-7.39039
7.2044,-7.39942
7.20477,-7.40843
7.20514,-7.41742
7.20551,-7.42639
7.20589,-7.43535
7.20626,-7.44428
7.20663,-7.4532
7.207,-7.46209
7.20737,-7.47097
7.20774,-7.47983
7.20811,-7.48867
7.20848,-7.49749
7.20885,-7.5063
7.20922,-7.51508
7.20959,-7.52385
7.20996,-7.5326
7.21033,-7.54133
7.2107,-7.55004
7.21107,-7.55874
7.21144,-7.56742
7.21181,-7.57608
7.21218,-7.58472
7.21254,-7.59335
7.21291,-7.60196
7.21328,-7.61054
7.21365,-7.61912
7.21402,-7.62768
7.21439,-7.63622
7.21475,-7.64474
7.21512,-7.65324
7.21549,-7.66174
7.21586,-7.67021
7.21623,-7.67867
7.21659,-7.68711
7.21696,-7.69553
7.21733,-7.70394
7.21769,-7.71233
7.21806,-7.7207
7.21843,-7.72906
7.21879,-7.73741
7.21916,-7.74573
7.21953,-7.75404
7.21989,-7.76234
7.22026,-7.77062
7.22062,-7.77889
7.22099,-7.78714
7.22136,-7.79537
7.22172,-7.80359
7.22209,-7.81179
7.22245,-7.81998
7.22282,-7.82816
7.22318,-7.83632
7.22355,-7.84446
7.22391,-7.85259
7.22427,-7.8607
7.22464,-7.8688
7.225,-7.87689
7.22537,-7.88496
7.22573,-7.89301
7.2261,-7.90105
7.22646,-7.90908
7.22682,-7.91709
7.22719,-7.92509
7.22755,-7.93308
7.22791,-7.94105
7.22828,-7.949
7.22864,-7.95695
7.229,-7.96487
7.22936,-7.97279
7.22973,-7.98069
7.23009,-7.98858
7.23045,-7.99645
7.23081,-8.00431
7.23118,-8.01215
7.23154,-8.01999
7.2319,-8.02781
7.23226,-8.03561
7.23262,-8.04341
7.23298,-8.05119
7.23334,-8.05895
7.23371,-8.06671
7.23407,-8.07445
7.23443,-8.08218
7.23479,-8.08989
7.23515,-8.09759
7.23551,-8.10528
7.23587,-8.11296
7.23623,-8.12062
7.23659,-8.12827
7.23695,-8.13591
7.23731,-8.14353
7.23767,-8.15114
7.23803,-8.15875
7.23839,-8.16634
7.23875,-8.17391
7.23911,-8.18147
7.23947,-8.18903
7.23982,-8.19656
7.24018,-8.20409
7.24054,-8.21161
7.2409,-8.21911
7.24126,-8.2266
7.24162,-8.23408
7.24197,-8.24154
7.24233,-8.249
7.24269,-8.25645
7.24305,-8.26388
7.24341,-8.27129
7.24376,-8.2787
7.24412,-8.2861
7.24448,-8.29349
7.24483,-8.30086
7.24519,-8.30822
7.24555,-8.31557
7.24591,-8.32291
7.24626,-8.33024
7.24662,-8.33755
7.24697,-8.34486
7.24733,-8.35215
7.24769,-8.35944
7.24804,-8.36671
7.2484,-8.37397
7.24875,-8.38122
7.24911,-8.38846
7.24947,-8.39569
7.24982,-8.40291
7.25018,-8.41011
7.25053,-8.41731
7.25089,-8.42449
7.25124,-8.43166
7.2516,-8.43883
7.25195,-8.44598
7.2523,-8.45312
7.25266,-8.46025
7.25301,-8.46737
7.25337,-8.47448
7.25372,-8.48158
7.25407,-8.48867
7.25443,-8.49575
7.25478,-8.50282
7.25513,-8.50988
7.25549,-8.51692
7.25584,-8.52396
7.25619,-8.53099
7.25655,-8.538
7.2569,-8.54501
7.25725,-8.55201
7.25761,-8.55899
7.25796,-8.56597
7.25831,-8.57293
7.25866,-8.57989
7.25901,-8.58684
7.25937,-8.59378
7.25972,-8.6007
7.26007,-8.60762
7.26042,-8.61452
7.26077,-8.62143
7.26112,-8.62831
7.26148,-8.63519
7.26183,-8.64206
7.26218,-8.64891
7.26253,-8.65577
7.26288,-8.66261
7.26323,-8.66944
7.26358,-8.67626
7.26393,-8.68306
7.26428,-8.68987
7.26463,-8.69666
7.26498,-8.70344
7.26533,-8.71022
7.26568,-8.71698
7.26603,-8.72374
7.26638,-8.73049
7.26673,-8.73722
7.26708,-8.74395
7.26743,-8.75066
7.26778,-8.75737
7.26812,-8.76407
7.26847,-8.77076
7.26882,-8.77745
7.26917,-8.78412
7.26952,-8.79078
7.26987,-8.79744
7.27021,-8.80408
7.27056,-8.81072
7.27091,-8.81735
7.27126,-8.82397
7.27161,-8.83058
7.27195,-8.83718
7.2723,-8.84378
7.27265,-8.85036
7.273,-8.85693
7.27334,-8.8635
7.27369,-8.87006
7.27404,-8.87661
7.27438,-8.88315
7.27473,-8.88969
7.27508,-8.89621
7.27542,-8.90272
7.27577,-8.90923
7.27611,-8.91573
7.27646,-8.92222
7.27681,-8.9287
7.27715,-8.93517
7.2775,-8.94164
7.27784,-8.9481
7.27819,-8.95454
7.27853,-8.96098
7.27888,-8.96742
7.27922,-8.97384
7.27957,-8.98026
7.27991,-8.98667
7.28026,-8.99306
7.2806,-8.99946
7.28095,-9.00584
7.28129,-9.01221
7.28164,-9.01858
7.28198,-9.02494
7.28232,-9.03129
7.28267,-9.03763
7.28301,-9.04397
7.28335,-9.0503
7.2837,-9.05662
7.28404,-9.06293
7.28438,-9.06923
7.28473,-9.07552
7.28507,-9.08182
7.28541,-9.0881
7.28576,-9.09436
7.2861,-9.10063
7.28644,-9.10689
7.28678,-9.11313
7.28713,-9.11938
7.28747,-9.12561
7.28781,-9.13183
7.28815,-9.13806
7.28849,-9.14426
7.28884,-9.15047
7.28918,-9.15667
7.28952,-9.16286
7.28986,-9.16904
7.2902,-9.1752
7.29054,-9.18137
7.29088,-9.18753
7.29122,-9.19368
7.29157,-9.19983
7.29191,-9.20596
7.29225,-9.21209
7.29259,-9.21821
7.29293,-9.22433
7.29327,-9.23043
7.29361,-9.23653
7.29395,-9.24263
7.29429,-9.24871
7.29463,-9.25479
7.29497,-9.26086
7.29531,-9.26693
7.29565,-9.27298
7.29599,-9.27903
7.29632,-9.28507
7.29666,-9.29111
7.297,-9.29714
7.29734,-9.30316
7.29768,-9.30917
7.29802,-9.31518
7.29836,-9.32118
7.2987,-9.32717
7.29903,-9.33316
7.29937,-9.33914
7.29971,-9.34511
7.30005,-9.35108
7.30039,-9.35703
7.30072,-9.36299
7.30106,-9.36893
7.3014,-9.37487
7.30174,-9.3808
7.30207,-9.38672
7.30241,-9.39264
7.30275,-9.39855
7.30308,-9.40446
7.30342,-9.41035
7.30376,-9.41624
7.30409,-9.42213
7.30443,-9.42801
7.30477,-9.43388
7.3051,-9.43974
7.30544,-9.4456
7.30577,-9.45145
7.30611,-9.45729
7.30645,-9.46313
7.30678,-9.46896
7.30712,-9.47479
7.30745,-9.48061
7.30779,-9.48642
7.30812,-9.49222
7.30846,-9.49802
7.30879,-9.50381
7.30913,-9.5096
7.30946,-9.51538
7.3098,-9.52115
7.31013,-9.52692
7.31047,-9.53268
7.3108,-9.53843
7.31113,-9.54418
7.31147,-9.54992
7.3118,-9.55566
7.31214,-9.56139
7.31247,-9.56711
7.3128,-9.57283
7.31314,-9.57854
7.31347,-9.58424
7.3138,-9.58994
7.31414,-9.59563
7.31447,-9.60132
7.3148,-9.607
7.31514,-9.61267
7.31547,-9.61834
7.3158,-9.624
7.31613,-9.62965
7.31647,-9.6353
7.3168,-9.64094
7.31713,-9.64658
7.31746,-9.65221
7.31779,-9.65783
7.31813,-9.66345
7.31846,-9.66907
7.31879,-9.67467
7.31912,-9.68027
7.31945,-9.68587
7.31978,-9.69146
7.32011,-9.69704
7.32045,-9.70262
7.32078,-9.70819
7.32111,-9.71375
7.32144,-9.71931
7.32177,-9.72487
7.3221,-9.73042
7.32243,-9.73596
7.32276,-9.74149
7.32309,-9.74702
7.32342,-9.75255
7.32375,-9.75807
7.32408,-9.76358
7.32441,-9.76909
7.32474,-9.77459
7.32507,-9.78008
7.3254,-9.78558
7.32573,-9.79106
7.32606,-9.79654
7.32639,-9.80201
7.32672,-9.80748
7.32704,-9.81294
7.32737,-9.8184
7.3277,-9.82385
7.32803,-9.8293
7.32836,-9.83474
7.32869,-9.84017
7.32902,-9.8456
7.32934,-9.85102
7.32967,-9.85644
7.33,-9.86185
7.33033,-9.86726
7.33066,-9.87266
7.33098,-9.87806
7.33131,-9.88345
7.33164,-9.88883
7.33197,-9.89421
7.33229,-9.89958
7.33262,-9.90495
7.33295,-9.91031
7.33327,-9.91567
7.3336,-9.92103
7.33393,-9.92637
7.33425,-9.93171
7.33458,-9.93705
7.33491,-9.94238
7.33523,-9.94771
7.33556,-9.95303
7.33588,-9.95835
7.33621,-9.96365
7.33654,-9.96896
7.33686,-9.97426
7.33719,-9.97955
7.33751,-9.98484
7.33784,-9.99013
7.33816,-9.99541
7.33849,-10.0007
7.33881,-10.0059
7.33914,-10.0112
7.33946,-10.0165
7.33979,-10.0217
7.34011,-10.027
7.34044,-10.0322
7.34076,-10.0374
7.34109,-10.0427
7.34141,-10.0479
7.34173,-10.0531
7.34206,-10.0583
7.34238,-10.0636
7.34271,-10.0688
7.34303,-10.074
7.34335,-10.0792
7.34368,-10.0844
7.344,-10.0895
7.34432,-10.0947
7.34465,-10.0999
7.34497,-10.1051
7.34529,-10.1102
7.34561,-10.1154
7.34594,-10.1206
7.34626,-10.1257
7.34658,-10.1309
7.34691,-10.136
7.34723,-10.1411
7.34755,-10.1463
7.34787,-10.1514
7.34819,-10.1565
7.34852,-10.1617
7.34884,-10.1668
7.34916,-10.1719
7.34948,-10.177
7.3498,-10.1821
7.35012,-10.1872
7.35045,-10.1923
7.35077,-10.1973
7.35109,-10.2024
7.35141,-10.2075
7.35173,-10.2126
7.35205,-10.2176
7.35237,-10.2227
7.35269,-10.2278
7.35301,-10.2328
7.35333,-10.2379
7.35365,-10.2429
7.35397,-10.2479
7.35429,-10.253
7.35461,-10.258
7.35493,-10.263
7.35525,-10.268
7.35557,-10.2731
7.35589,-10.2781
7.35621,-10.2831
7.35653,-10.2881
7.35685,-10.2931
7.35717,-10.2981
7.35749,-10.303
7.35781,-10.308
7.35813,-10.313
7.35844,-10.318
7.35876,-10.323
7.35908,-10.3279
7.3594,-10.3329
7.35972,-10.3378
7.36004,-10.3428
7.36035,-10.3477
7.36067,-10.3527
7.36099,-10.3576
7.36131,-10.3625
7.36163,-10.3675
7.36194,-10.3724
7.36226,-10.3773
7.36258,-10.3822
7.3629,-10.3871
7.36321,-10.392
7.36353,-10.397
7.36385,-10.4019
7.36416,-10.4067
7.36448,-10.4116
7.3648,-10.4165
7.36511,-10.4214
7.36543,-10.4263
7.36575,-10.4311
7.36606,-10.436
7.36638,-10.4409
7.3667,-10.4457
7.36701,-10.4506
7.36733,-10.4554
7.36764,-10.4603
7.36796,-10.4651
7.36827,-10.47
7.36859,-10.4748
7.36891,-10.4796
7.36922,-10.4845
7.36954,-10.4893
7.36985,-10.4941
7.37017,-10.4989
7.37048,-10.5037
7.3708,-10.5085
7.37111,-10.5133
7.37142,-10.5181
7.37174,-10.5229
7.37205,-10.5277
7.37237,-10.5325
7.37268,-10.5373
7.373,-10.542
7.37331,-10.5468
7.37362,-10.5516
7.37394,-10.5563
7.37425,-10.5611
7.37457,-10.5658
7.37488,-10.5706
7.37519,-10.5753
7.37551,-10.5801
7.37582,-10.5848
7.37613,-10.5896
7.37645,-10.5943
7.37676,-10.599
7.37707,-10.6037
7.37738,-10.6084
7.3777,-10.6132
7.37801,-10.6179
7.37832,-10.6226
7.37863,-10.6273
7.37895,-10.632
7.37926,-10.6367
7.37957,-10.6414
7.37988,-10.646
7.38019,-10.6507
7.38051,-10.6554
7.38082,-10.6601
7.38113,-10.6648
7.38144,-10.6694
7.38175,-10.6741
7.38206,-10.6787
7.38237,-10.6834
7.38269,-10.688
7.383,-10.6927
7.38331,-10.6973
7.38362,-10.702
7.38393,-10.7066
7.38424,-10.7112
7.38455,-10.7159
7.38486,-10.7205
7.38517,-10.7251
7.38548,-10.7297
7.38579,-10.7343
7.3861,-10.739
7.38641,-10.7436
7.38672,-10.7482
7.38703,-10.7528
7.38734,-10.7573
7.38765,-10.7619
7.38796,-10.7665
7.38827,-10.7711
7.38858,-10.7757
7.38889,-10.7803
7.3892,-10.7848
7.38951,-10.7894
7.38981,-10.794
7.39012,-10.7985
7.39043,-10.8031
7.39074,-10.8076
7.39105,-10.8122
7.39136,-10.8167
7.39167,-10.8213
7.39197,-10.8258
7.39228,-10.8303
7.39259,-10.8349
7.3929,-10.8394
7.39321,-10.8439
7.39351,-10.8484
7.39382,-10.853
7.39413,-10.8575
7.39444,-10.862
7.39474,-10.8665
7.39505,-10.871
7.39536,-10.8755
7.39566,-10.88
7.39597,-10.8845
7.39628,-10.8889
7.39659,-10.8934
7.39689,-10.8979
7.3972,-10.9024
7.39751,-10.9069
7.39781,-10.9113
7.39812,-10.9158
7.39842,-10.9203
7.39873,-10.9247
7.39904,-10.9292
7.39934,-10.9336
7.39965,-10.9381
7.39995,-10.9425
7.40026,-10.9469
7.40057,-10.9514
7.40087,-10.9558
7.40118,-10.9603
7.40148,-10.9647
7.40179,-10.9691
7.40209,-10.9735
7.4024,-10.9779
7.4027,-10.9824
7.40301,-10.9868
7.40331,-10.9912
7.40362,-10.9956
7.40392,-11
7.40422,-11.0044
7.40453,-11.0088
7.40483,-11.0131
7.40514,-11.0175
7.40544,-11.0219
7.40575,-11.0263
7.40605,-11.0307
7.40635,-11.035
7.40666,-11.0394
7.40696,-11.0438
7.40726,-11.0481
7.40757,-11.0525
7.40787,-11.0568
7.40817,-11.0612
7.40848,-11.0656
7.40878,-11.0699
7.40908,-11.0742
7.40939,-11.0786
7.40969,-11.0829
7.40999,-11.0872
7.41029,-11.0916
7.4106,-11.0959
7.4109,-11.1002
7.4112,-11.1045
7.4115,-11.1089
7.41181,-11.1132
7.41211,-11.1175
7.41241,-11.1218
7.41271,-11.1261
7.41301,-11.1304
7.41332,-11.1347
7.41362,-11.139
7.41392,-11.1433
7.41422,-11.1475
7.41452,-11.1518
7.41482,-11.1561
7.41512,-11.1604
7.41543,-11.1647
7.41573,-11.1689
7.41603,-11.1732
7.41633,-11.1775
7.41663,-11.1817
7.41693,-11.186
7.41723,-11.1902
7.41753,-11.1945
7.41783,-11.1987
7.41813,-11.203
7.41843,-11.2072
7.41873,-11.2115
7.41903,-11.2157
7.41933,-11.2199
7.41963,-11.2241
7.41993,-11.2284
7.42023,-11.2326
7.42053,-11.2368
7.42083,-11.241
7.42113,-11.2452
7.42143,-11.2495
7.42173,-11.2537
7.42203,-11.2579
7.42232,-11.2621
7.42262,-11.2663
7.42292,-11.2705
7.42322,-11.2746
7.42352,-11.2788
7.42382,-11.283
7.42412,-11.2872
7.42442,-11.2914
7.42471,-11.2956
7.42501,-11.2997
7.42531,-11.3039
7.42561,-11.3081
7.42591,-11.3122
7.4262,-11.3164
7.4265,-11.3206
7.4268,-11.3247
7.4271,-11.3289
7.42739,-11.333
7.42769,-11.3372
7.42799,-11.3413
7.42829,-11.3454
7.42858,-11.3496
7.42888,-11.3537
7.42918,-11.3578
7.42947,-11.362
7.42977,-11.3661
7.43007,-11.3702
7.43036,-11.3743
7.43066,-11.3785
7.43096,-11.3826
7.43125,-11.3867
7.43155,-11.3908
7.43185,-11.3949
7.43214,-11.399
7.43244,-11.4031
7.43273,-11.4072
7.43303,-11.4113
7.43333,-11.4154
7.43362,-11.4195
7.43392,-11.4235
7.43421,-11.4276
7.43451,-11.4317
7.4348,-11.4358
7.4351,-11.4399
7.43539,-11.4439
7.43569,-11.448
7.43598,-11.4521
7.43628,-11.4561
7.43657,-11.4602
7.43687,-11.4642
7.43716,-11.4683
7.43746,-11.4723
7.43775,-11.4764
7.43805,-11.4804
7.43834,-11.4845
7.43863,-11.4885
7.43893,-11.4925
7.43922,-11.4966
7.43952,-11.5006
7.43981,-11.5046
7.4401,-11.5087
7.4404,-11.5127
7.44069,-11.5167
7.44098,-11.5207
7.44128,-11.5247
7.44157,-11.5287
7.44186,-11.5327
7.44216,-11.5367
7.44245,-11.5407
7.44274,-11.5447
7.44304,-11.5487
7.44333,-11.5527
7.44362,-11.5567
7.44391,-11.5607
7.44421,-11.5647
7.4445,-11.5687
7.44479,-11.5727
7.44508,-11.5766
7.44538,-11.5806
7.44567,-11.5846
7.44596,-11.5886
7.44625,-11.5925
7.44654,-11.5965
7.44684,-11.6005
7.44713,-11.6044
7.44742,-11.6084
7.44771,-11.6123
7.448,-11.6163
7.44829,-11.6202
7.44858,-11.6242
7.44888,-11.6281
7.44917,-11.632
7.44946,-11.636
7.44975,-11.6399
7.45004,-11.6438
7.45033,-11.6478
7.45062,-11.6517
7.45091,-11.6556
7.4512,-11.6595
7.45149,-11.6635
7.45178,-11.6674
7.45207,-11.6713
7.45236,-11.6752
7.45265,-11.6791
7.45294,-11.683
7.45323,-11.6869
7.45352,-11.6908
7.45381,-11.6947
7.4541,-11.6986
7.45439,-11.7025
7.45468,-11.7064
7.45497,-11.7103
7.45526,-11.7142
7.45555,-11.718
7.45584,-11.7219
7.45613,-11.7258
7.45642,-11.7297
7.4567,-11.7335
7.45699,-11.7374
7.45728,-11.7413
7.45757,-11.7451
7.45786,-11.749
7.45815,-11.7529
7.45844,-11.7567
7.45872,-11.7606
7.45901,-11.7644
7.4593,-11.7683
7.45959,-11.7721
7.45988,-11.776
7.46016,-11.7798
7.46045,-11.7836
7.46074,-11.7875
7.46103,-11.7913
7.46132,-11.7951
7.4616,-11.799
7.46189,-11.8028
7.46218,-11.8066
7.46246,-11.8104
7.46275,-11.8143
7.46304,-11.8181
7.46333,-11.8219
7.46361,-11.8257
7.4639,-11.8295
7.46419,-11.8333
7.46447,-11.8371
7.46476,-11.8409
7.46505,-11.8447
7.46533,-11.8485
7.46562,-11.8523
7.46591,-11.8561
7.46619,-11.8599
7.46648,-11.8637
7.46676,-11.8675
7.46705,-11.8712
7.46734,-11.875
7.46762,-11.8788
7.46791,-11.8826
7.46819,-11.8863
7.46848,-11.8901
7.46876,-11.8939
7.46905,-11.8976
7.46933,-11.9014
7.46962,-11.9052
7.4699,-11.9089
7.47019,-11.9127
7.47047,-11.9164
7.47076,-11.9202
7.47104,-11.9239
7.47133,-11.9277
7.47161,-11.9314
7.4719,-11.9352
7.47218,-11.9389
7.47247,-11.9426
7.47275,-11.9464
7.47303,-11.9501
7.47332,-11.9538
7.4736,-11.9575
7.47389,-11.9613
7.47417,-11.965
7.47445,-11.9687
7.47474,-11.9724
7.47502,-11.9761
7.47531,-11.9799
7.47559,-11.9836
7.47587,-11.9873
7.47616,-11.991
7.47644,-11.9947
7.47672,-11.9984
7.47701,-12.0021
7.47729,-12.0058
7.47757,-12.0095
7.47785,-12.0132
7.47814,-12.0169
7.47842,-12.0205
7.4787,-12.0242
7.47898,-12.0279
7.47927,-12.0316
7.47955,-12.0353
7.47983,-12.0389
7.48011,-12.0426
7.4804,-12.0463
7.48068,-12.0499
7.48096,-12.0536
7.48124,-12.0573
7.48152,-12.0609
7.48181,-12.0646
7.48209,-12.0683
7.48237,-12.0719
7.48265,-12.0756
7.48293,-12.0792
7.48321,-12.0829
7.48349,-12.0865
7.48378,-12.0902
7.48406,-12.0938
7.48434,-12.0974
7.48462,-12.1011
7.4849,-12.1047
7.48518,-12.1083
7.48546,-12.112
7.48574,-12.1156
7.48602,-12.1192
7.4863,-12.1228
7.48658,-12.1265
7.48686,-12.1301
7.48714,-12.1337
7.48742,-12.1373
7.4877,-12.1409
7.48798,-12.1445
7.48826,-12.1481
7.48854,-12.1518
7.48882,-12.1554
7.4891,-12.159
7.48938,-12.1626
7.48966,-12.1662
7.48994,-12.1697
7.49022,-12.1733
7.4905,-12.1769
7.49078,-12.1805
7.49106,-12.1841
7.49134,-12.1877
7.49162,-12.1913
7.4919,-12.1948
7.49217,-12.1984
7.49245,-12.202
7.49273,-12.2056
7.49301,-12.2091
7.49329,-12.2127
7.49357,-12.2163
7.49385,-12.2198
7.49412,-12.2234
7.4944,-12.227
7.49468,-12.2305
7.49496,-12.2341
7.49524,-12.2376
7.49551,-12.2412
7.49579,-12.2447
7.49607,-12.2483
7.49635,-12.2518
7.49662,-12.2554
7.4969,-12.2589
7.49718,-12.2625
7.49746,-12.266
7.49773,-12.2695
7.49801,-12.2731
7.49829,-12.2766
7.49857,-12.2801
7.49884,-12.2837
7.49912,-12.2872
7.4994,-12.2907
7.49967,-12.2942
7.49995,-12.2977
7.50023,-12.3013
7.5005,-12.3048
7.50078,-12.3083
7.50106,-12.3118
7.50133,-12.3153
7.50161,-12.3188
7.50188,-12.3223
7.50216,-12.3258
7.50244,-12.3293
7.50271,-12.3328
7.50299,-12.3363
7.50326,-12.3398
7.50354,-12.3433
7.50382,-12.3468
7.50409,-12.3503
7.50437,-12.3538
7.50464,-12.3572
7.50492,-12.3607
7.50519,-12.3642
7.50547,-12.3677
7.50574,-12.3712
7.50602,-12.3746
7.50629,-12.3781
7.50657,-12.3816
7.50684,-12.385
7.50712,-12.3885
7.50739,-12.392
7.50767,-12.3954
7.50794,-12.3989
7.50821,-12.4023
7.50849,-12.4058
7.50876,-12.4092
7.50904,-12.4127
7.50931,-12.4161
7.50959,-12.4196
7.50986,-12.423
7.51013,-12.4265
7.51041,-12.4299
7.51068,-12.4334
7.51095,-12.4368
7.51123,-12.4402
7.5115,-12.4437
7.51177,-12.4471
7.51205,-12.4505
7.51232,-12.454
7.51259,-12.4574
7.51287,-12.4608
7.51314,-12.4642
7.51341,-12.4677
7.51369,-12.4711
7.51396,-12.4745
7.51423,-12.4779
7.5145,-12.4813
7.51478,-12.4847
7.51505,-12.4881
7.51532,-12.4915
7.51559,-12.4949
7.51587,-12.4983
7.51614,-12.5017
7.51641,-12.5051
7.51668,-12.5085
7.51696,-12.5119
7.51723,-12.5153
7.5175,-12.5187
7.51777,-12.5221
7.51804,-12.5255
7.51831,-12.5289
7.51859,-12.5323
7.51886,-12.5356
7.51913,-12.539
7.5194,-12.5424
7.51967,-12.5458
7.51994,-12.5492
7.52021,-12.5525
7.52048,-12.5559
7.52076,-12.5593
7.52103,-12.5626
7.5213,-12.566
7.52157,-12.5694
7.52184,-12.5727
7.52211,-12.5761
7.52238,-12.5794
7.52265,-12.5828
7.52292,-12.5861
7.52319,-12.5895
7.52346,-12.5928
7.52373,-12.5962
7.524,-12.5995
7.52427,-12.6029
7.52454,-12.6062
7.52481,-12.6096
7.52508,-12.6129
7.52535,-12.6162
7.52562,-12.6196
7.52589,-12.6229
7.52616,-12.6262
7.52643,-12.6296
7.5267,-12.6329
7.52697,-12.6362
7.52724,-12.6395
7.52751,-12.6429
7.52778,-12.6462
7.52804,-12.6495
7.52831,-12.6528
7.52858,-12.6561
7.52885,-12.6594
7.52912,-12.6628
7.52939,-12.6661
7.52966,-12.6694
7.52992,-12.6727
7.53019,-12.676
7.53046,-12.6793
7.53073,-12.6826
7.531,-12.6859
7.53127,-12.6892
7.53153,-12.6925
7.5318,-12.6958
7.53207,-12.6991
7.53234,-12.7024
7.53261,-12.7056
7.53287,-12.7089
7.53314,-12.7122
7.53341,-12.7155
7.53368,-12.7188
7.53394,-12.722
7.53421,-12.7253
7.53448,-12.7286
7.53475,-12.7319
7.53501,-12.7351
7.53528,-12.7384
7.53555,-12.7417
7.53581,-12.745
7.53608,-12.7482
7.53635,-12.7515
7.53661,-12.7547
7.53688,-12.758
7.53715,-12.7613
7.53741,-12.7645
7.53768,-12.7678
7.53795,-12.771
7.53821,-12.7743
7.53848,-12.7775
7.53875,-12.7808
7.53901,-12.784
7.53928,-12.7873
7.53954,-12.7905
7.53981,-12.7937
7.54007,-12.797
7.54034,-12.8002
7.54061,-12.8034
7.54087,-12.8067
7.54114,-12.8099
7.5414,-12.8131
7.54167,-12.8164
7.54193,-12.8196
7.5422,-12.8228
7.54246,-12.826
7.54273,-12.8293
7.54299,-12.8325
7.54326,-12.8357
7.54352,-12.8389
7.54379,-12.8421
7.54405,-12.8453
7.54432,-12.8486
7.54458,-12.8518
7.54485,-12.855
7.54511,-12.8582
7.54538,-12.8614
7.54564,-12.8646
7.5459,-12.8678
7.54617,-12.871
7.54643,-12.8742
7.5467,-12.8774
7.54696,-12.8806
7.54722,-12.8838
7.54749,-12.887
7.54775,-12.8902
7.54802,-12.8933
7.54828,-12.8965
7.54854,-12.8997
7.54881,-12.9029
7.54907,-12.9061
7.54933,-12.9093
7.5496,-12.9124
7.54986,-12.9156
7.55012,-12.9188
7.55039,-12.922
7.55065,-12.9251
7.55091,-12.9283
7.55117,-12.9315
7.55144,-12.9346
7.5517,-12.9378
7.55196,-12.941
7.55222,-12.9441
7.55249,-12.9473
7.55275,-12.9504
7.55301,-12.9536
7.55327,-12.9568
7.55354,-12.9599
7.5538,-12.9631
7.55406,-12.9662
7.55432,-12.9694
7.55458,-12.9725
7.55485,-12.9756
7.55511,-12.9788
7.55537,-12.9819
7.55563,-12.9851
7.55589,-12.9882
7.55616,-12.9913
7.55642,-12.9945
7.55668,-12.9976
7.55694,-13.0008
7.5572,-13.0039
7.55746,-13.007
7.55772,-13.0101
7.55798,-13.0133
7.55824,-13.0164
7.55851,-13.0195
7.55877,-13.0226
7.55903,-13.0257
7.55929,-13.0289
7.55955,-13.032
7.55981,-13.0351
7.56007,-13.0382
7.56033,-13.0413
7.56059,-13.0444
7.56085,-13.0475
7.56111,-13.0507
7.56137,-13.0538
7.56163,-13.0569
7.56189,-13.06
7.56215,-13.0631
7.56241,-13.0662
7.56267,-13.0693
7.56293,-13.0724
7.56319,-13.0755
7.56345,-13.0785
7.56371,-13.0816
7.56397,-13.0847
7.56423,-13.0878
7.56449,-13.0909
7.56475,-13.094
7.56501,-13.0971
7.56527,-13.1001
7.56553,-13.1032
7.56578,-13.1063
7.56604,-13.1094
7.5663,-13.1125
7.56656,-13.1155
7.56682,-13.1186
7.56708,-13.1217
7.56734,-13.1248
7.5676,-13.1278
7.56785,-13.1309
7.56811,-13.134
7.56837,-13.137
7.56863,-13.1401
7.56889,-13.1431
7.56915,-13.1462
7.5694,-13.1493
7.56966,-13.1523
7.56992,-13.1554
7.57018,-13.1584
7.57044,-13.1615
7.57069,-13.1645
7.57095,-13.1676
7.57121,-13.1706
7.57147,-13.1737
7.57172,-13.1767
7.57198,-13.1797
7.57224,-13.1828
7.5725,-13.1858
7.57275,-13.1889
7.57301,-13.1919
7.57327,-13.1949
7.57352,-13.198
7.57378,-13.201
7.57404,-13.204
7.5743,-13.2071
7.57455,-13.2101
7.57481,-13.2131
7.57507,-13.2161
7.57532,-13.2192
7.57558,-13.2222
7.57583,-13.2252
7.57609,-13.2282
7.57635,-13.2312
7.5766,-13.2343
7.57686,-13.2373
7.57712,-13.2403
7.57737,-13.2433
7.57763,-13.2463
7.57788,-13.2493
7.57814,-13.2523
7.5784,-13.2553
7.57865,-13.2583
7.57891,-13.2613
7.57916,-13.2643
7.57942,-13.2673
7.57967,-13.2703
7.57993,-13.2733
7.58018,-13.2763
7.58044,-13.2793
7.58069,-13.2823
7.58095,-13.2853
7.5812,-13.2883
7.58146,-13.2913
7.58171,-13.2943
7.58197,-13.2972
7.58222,-13.3002
7.58248,-13.3032
7.58273,-13.3062
7.58299,-13.3092
7.58324,-13.3122
7.5835,-13.3151
7.58375,-13.3181
7.58401,-13.3211
7.58426,-13.324
7.58451,-13.327
7.58477,-13.33
7.58502,-13.333
7.58528,-13.3359
7.58553,-13.3389
7.58579,-13.3419
7.58604,-13.3448
7.58629,-13.3478
7.58655,-13.3507
7.5868,-13.3537
7.58705,-13.3567
7.58731,-13.3596
7.58756,-13.3626
7.58781,-13.3655
7.58807,-13.3685
7.58832,-13.3714
7.58857,-13.3744
7.58883,-13.3773
7.58908,-13.3803
7.58933,-13.3832
7.58959,-13.3861
7.58984,-13.3891
7.59009,-13.392
7.59034,-13.395
7.5906,-13.3979
7.59085,-13.4008
7.5911,-13.4038
7.59135,-13.4067
7.59161,-13.4096
7.59186,-13.4126
7.59211,-13.4155
7.59236,-13.4184
7.59262,-13.4213
7.59287,-13.4243
7.59312,-13.4272
7.59337,-13.4301
7.59362,-13.433
7.59388,-13.436
7.59413,-13.4389
7.59438,-13.4418
7.59463,-13.4447
7.59488,-13.4476
7.59513,-13.4505
7.59539,-13.4534
7.59564,-13.4563
7.59589,-13.4593
7.59614,-13.4622
7.59639,-13.4651
7.59664,-13.468
7.59689,-13.4709
7.59714,-13.4738
7.5974,-13.4767
7.59765,-13.4796
7.5979,-13.4825
7.59815,-13.4854
7.5984,-13.4883
7.59865,-13.4912
7.5989,-13.4941
7.59915,-13.4969
7.5994,-13.4998
7.59965,-13.5027
7.5999,-13.5056
7.60015,-13.5085
7.6004,-13.5114
7.60065,-13.5143
7.6009,-13.5171
7.60115,-13.52
7.6014,-13.5229
7.60165,-13.5258
7.6019,-13.5287
7.60215,-13.5315
7.6024,-13.5344
7.60265,-13.5373
7.6029,-13.5401
7.60315,-13.543
7.6034,-13.5459
7.60365,-13.5487
7.6039,-13.5516
7.60415,-13.5545
7.6044,-13.5573
7.60465,-13.5602
7.6049,-13.5631
7.60514,-13.5659
7.60539,-13.5688
7.60564,-13.5716
7.60589,-13.5745
7.60614,-13.5773
7.60639,-13.5802
7.60664,-13.5831
7.60689,-13.5859
7.60713,-13.5887
7.60738,-13.5916
7.60763,-13.5944
7.60788,-13.5973
7.60813,-13.6001
7.60838,-13.603
7.60862,-13.6058
7.60887,-13.6087
7.60912,-13.6115
7.60937,-13.6143
7.60962,-13.6172
7.60986,-13.62
7.61011,-13.6228
7.61036,-13.6257
7.61061,-13.6285
7.61086,-13.6313
7.6111,-13.6341
7.61135,-13.637
7.6116,-13.6398
7.61185,-13.6426
7.61209,-13.6454
7.61234,-13.6483
7.61259,-13.6511
7.61283,-13.6539
7.61308,-13.6567
7.61333,-13.6596
7.61358,-13.6624
7.61382,-13.6652
7.61407,-13.668
7.61432,-13.6708
7.61456,-13.6736
7.61481,-13.6764
7.61506,-13.6792
7.6153,-13.682
7.61555,-13.6848
7.61579,-13.6876
7.61604,-13.6904
7.61629,-13.6932
7.61653,-13.696
7.61678,-13.6988
7.61703,-13.7016
7.61727,-13.7044
7.61752,-13.7072
7.61776,-13.71
7.61801,-13.7128
7.61826,-13.7156
7.6185,-13.7184
7.61875,-13.7212
7.61899,-13.724
7.61924,-13.7268
7.61948,-13.7296
7.61973,-13.7323
7.61997,-13.7351
7.62022,-13.7379
7.62046,-13.7407
7.62071,-13.7435
7.62096,-13.7462
7.6212,-13.749
7.62145,-13.7518
7.62169,-13.7546
7.62194,-13.7573
7.62218,-13.7601
7.62242,-13.7629
7.62267,-13.7657
7.62291,-13.7684
7.62316,-13.7712
7.6234,-13.774
7.62365,-13.7767
7.62389,-13.7795
7.62414,-13.7822
7.62438,-13.785
7.62462,-13.7878
7.62487,-13.7905
7.62511,-13.7933
7.62536,-13.796
7.6256,-13.7988
7.62585,-13.8015
7.62609,-13.8043
7.62633,-13.8071
7.62658,-13.8098
7.62682,-13.8126
7.62706,-13.8153
7.62731,-13.818
7.62755,-13.8208
7.62779,-13.8235
7.62804,-13.8263
7.62828,-13.829
7.62852,-13.8318
7.62877,-13.8345
7.62901,-13.8372
7.62925,-13.84
7.6295,-13.8427
7.62974,-13.8454
7.62998,-13.8482
7.63023,-13.8509
7.63047,-13.8536
7.63071,-13.8564
7.63095,-13.8591
7.6312,-13.8618
7.63144,-13.8646
7.63168,-13.8673
7.63192,-13.87
7.63217,-13.8727
7.63241,-13.8755
7.63265,-13.8782
7.63289,-13.8809
7.63314,-13.8836
7.63338,-13.8863
7.63362,-13.889
7.63386,-13.8918
7.6341,-13.8945
7.63435,-13.8972
7.63459,-13.8999
7.63483,-13.9026
7.63507,-13.9053
7.63531,-13.908
7.63555,-13.9107
7.6358,-13.9134
7.63604,-13.9161
7.63628,-13.9188
7.63652,-13.9215
7.63676,-13.9242
7.637,-13.9269
7.63724,-13.9296
7.63748,-13.9323
7.63773,-13.935
7.63797,-13.9377
7.63821,-13.9404
7.63845,-13.9431
7.63869,-13.9458
7.63893,-13.9485
7.63917,-13.9512
7.63941,-13.9539
7.63965,-13.9566
7.63989,-13.9592
7.64013,-13.9619
7.64037,-13.9646
7.64061,-13.9673
7.64085,-13.97
7.64109,-13.9727
7.64133,-13.9753
7.64157,-13.978
7.64181,-13.9807
7.64205,-13.9834
7.64229,-13.986
7.64253,-13.9887
7.64277,-13.9914
7.64301,-13.9941
7.64325,-13.9967
7.64349,-13.9994
7.64373,-14.0021
7.64397,-14.0047
7.64421,-14.0074
7.64445,-14.0101
7.64469,-14.0127
7.64493,-14.0154
7.64517,-14.0181
7.64541,-14.0207
7.64565,-14.0234
7.64589,-14.026
7.64613,-14.0287
7.64636,-14.0313
7.6466,-14.034
7.64684,-14.0367
7.64708,-14.0393
7.64732,-14.042
7.64756,-14.0446
7.6478,-14.0473
7.64804,-14.0499
7.64827,-14.0526
7.64851,-14.0552
7.64875,-14.0578
7.64899,-14.0605
7.64923,-14.0631
7.64947,-14.0658
7.6497,-14.0684
7.64994,-14.071
7.65018,-14.0737
7.65042,-14.0763
7.65066,-14.079
7.65089,-14.0816
7.65113,-14.0842
7.65137,-14.0869
7.65161,-14.0895
7.65185,-14.0921
7.65208,-14.0947
7.65232,-14.0974
7.65256,-14.1
7.6528,-14.1026
7.65303,-14.1053
7.65327,-14.1079
7.65351,-14.1105
7.65374,-14.1131
7.65398,-14.1157
7.65422,-14.1184
7.65446,-14.121
7.65469,-14.1236
7.65493,-14.1262
7.65517,-14.1288
7.6554,-14.1314
7.65564,-14.1341
7.65588,-14.1367
7.65611,-14.1393
7.65635,-14.1419
7.65659,-14.1445
7.65682,-14.1471
7.65706,-14.1497
7.6573,-14.1523
7.65753,-14.1549
7.65777,-14.1575
7.65801,-14.1601
7.65824,-14.1627
7.65848,-14.1653
7.65871,-14.1679
7.65895,-14.1705
7.65919,-14.1731
7.65942,-14.1757
7.65966,-14.1783
7.65989,-14.1809
7.66013,-14.1835
7.66036,-14.1861
7.6606,-14.1887
7.66084,-14.1913
7.66107,-14.1939
7.66131,-14.1965
7.66154,-14.199
7.66178,-14.2016
7.66201,-14.2042
7.66225,-14.2068
7.66248,-14.2094
7.66272,-14.212
7.66295,-14.2145
7.66319,-14.2171
7.66342,-14.2197
7.66366,-14.2223
7.66389,-14.2249
7.66413,-14.2274
7.66436,-14.23
7.6646,-14.2326
7.66483,-14.2351
7.66507,-14.2377
7.6653,-14.2403
7.66553,-14.2429
7.66577,-14.2454
7.666,-14.248
7.66624,-14.2506
7.66647,-14.2531
7.66671,-14.2557
7.66694,-14.2583
7.66717,-14.2608
7.66741,-14.2634
7.66764,-14.2659
7.66788,-14.2685
7.66811,-14.271
7.66834,-14.2736
7.66858,-14.2762
7.66881,-14.2787
7.66904,-14.2813
7.66928,-14.2838
7.66951,-14.2864
7.66975,-14.2889
7.66998,-14.2915
7.67021,-14.294
7.67045,-14.2966
7.67068,-14.2991
7.67091,-14.3017
7.67114,-14.3042
7.67138,-14.3068
7.67161,-14.3093
7.67184,-14.3118
7.67208,-14.3144
7.67231,-14.3169
7.67254,-14.3195
7.67278,-14.322
7.67301,-14.3245
7.67324,-14.3271
7.67347,-14.3296
7.67371,-14.3321
7.67394,-14.3347
7.67417,-14.3372
7.6744,-14.3397
7.67464,-14.3423
7.67487,-14.3448
7.6751,-14.3473
7.67533,-14.3498
7.67556,-14.3524
7.6758,-14.3549
7.67603,-14.3574
7.67626,-14.3599
7.67649,-14.3625
7.67672,-14.365
7.67696,-14.3675
7.67719,-14.37
7.67742,-14.3725
7.67765,-14.3751
7.67788,-14.3776
7.67811,-14.3801
7.67834,-14.3826
7.67858,-14.3851
7.67881,-14.3876
7.67904,-14.3901
7.67927,-14.3926
7.6795,-14.3951
7.67973,-14.3977
7.67996,-14.4002
7.68019,-14.4027
7.68043,-14.4052
7.68066,-14.4077
7.68089,-14.4102
7.68112,-14.4127
7.68135,-14.4152
7.68158,-14.4177
7.68181,-14.4202
7.68204,-14.4227
7.68227,-14.4252
7.6825,-14.4277
7.68273,-14.4302
7.68296,-14.4327
7.68319,-14.4352
7.68342,-14.4376
7.68365,-14.4401
7.68388,-14.4426
7.68411,-14.4451
7.68434,-14.4476
7.68457,-14.4501
7.6848,-14.4526
7.68503,-14.4551
7.68526,-14.4576
7.68549,-14.46
7.68572,-14.4625
7.68595,-14.465
7.68618,-14.4675
7.68641,-14.47
7.68664,-14.4724
7.68687,-14.4749
7.6871,-14.4774
7.68733,-14.4799
7.68756,-14.4823
7.68779,-14.4848
7.68802,-14.4873
7.68825,-14.4898
7.68848,-14.4922
7.68871,-14.4947
7.68893,-14.4972
7.68916,-14.4996
7.68939,-14.5021
7.68962,-14.5046
7.68985,-14.507
7.69008,-14.5095
7.69031,-14.512
7.69054,-14.5144
7.69076,-14.5169
7.69099,-14.5194
7.69122,-14.5218
7.69145,-14.5243
7.69168,-14.5267
7.69191,-14.5292
7.69214,-14.5317
7.69236,-14.5341
7.69259,-14.5366
7.69282,-14.539
7.69305,-14.5415
7.69328,-14.5439
7.6935,-14.5464
7.69373,-14.5488
7.69396,-14.5513
7.69419,-14.5537
7.69442,-14.5562
7.69464,-14.5586
7.69487,-14.5611
7.6951,-14.5635
7.69533,-14.5659
7.69555,-14.5684
7.69578,-14.5708
7.69601,-14.5733
7.69624,-14.5757
7.69646,-14.5781
7.69669,-14.5806
7.69692,-14.583
7.69714,-14.5855
7.69737,-14.5879
7.6976,-14.5903
7.69783,-14.5928
7.69805,-14.5952
7.69828,-14.5976
7.69851,-14.6001
7.69873,-14.6025
7.69896,-14.6049
7.69919,-14.6073
7.69941,-14.6098
7.69964,-14.6122
7.69987,-14.6146
7.70009,-14.617
7.70032,-14.6195
7.70055,-14.6219
7.70077,-14.6243
7.701,-14.6267
7.70122,-14.6291
7.70145,-14.6316
7.70168,-14.634
7.7019,-14.6364
7.70213,-14.6388
7.70235,-14.6412
7.70258,-14.6436
7.70281,-14.6461
7.70303,-14.6485
7.70326,-14.6509
7.70348,-14.6533
7.70371,-14.6557
7.70393,-14.6581
7.70416,-14.6605
7.70439,-14.6629
7.70461,-14.6653
7.70484,-14.6677
7.70506,-14.6701
7.70529,-14.6725
7.70551,-14.6749
7.70574,-14.6774
7.70596,-14.6797
7.70619,-14.6821
7.70641,-14.6846
7.70664,-14.6869
7.70686,-14.6893
7.70709,-14.6917
7.70731,-14.6941
7.70754,-14.6965
7.70776,-14.6989
7.70799,-14.7013
7.70821,-14.7037
7.70844,-14.7061
7.70866,-14.7085
7.70889,-14.7109
7.70911,-14.7133
7.70933,-14.7157
7.70956,-14.718
7.70978,-14.7204
7.71001,-14.7228
7.71023,-14.7252
7.71046,-14.7276
7.71068,-14.73
7.7109,-14.7323
7.71113,-14.7347
7.71135,-14.7371
7.71158,-14.7395
7.7118,-14.7419
7.71202,-14.7442
7.71225,-14.7466
7.71247,-14.749
7.71269,-14.7514
7.71292,-14.7537
7.71314,-14.7561
7.71336,-14.7585
7.71359,-14.7609
7.71381,-14.7632
7.71403,-14.7656
7.71426,-14.768
7.71448,-14.7703
7.7147,-14.7727
7.71493,-14.7751
7.71515,-14.7774
7.71537,-14.7798
7.7156,-14.7822
7.71582,-14.7845
7.71604,-14.7869
7.71627,-14.7892
7.71649,-14.7916
7.71671,-14.794
7.71693,-14.7963
7.71716,-14.7987
7.71738,-14.801
7.7176,-14.8034
7.71782,-14.8057
7.71805,-14.8081
7.71827,-14.8104
7.71849,-14.8128
7.71871,-14.8152
7.71894,-14.8175
7.71916,-14.8199
7.71938,-14.8222
7.7196,-14.8246
7.71982,-14.8269
7.72005,-14.8292
7.72027,-14.8316
7.72049,-14.8339
7.72071,-14.8363
7.72093,-14.8386
7.72116,-14.841
7.72138,-14.8433
7.7216,-14.8456
7.72182,-14.848
7.72204,-14.8503
7.72226,-14.8527
7.72248,-14.855
7.72271,-14.8573
7.72293,-14.8597
7.72315,-14.862
7.72337,-14.8643
7.72359,-14.8667
7.72381,-14.869
7.72403,-14.8713
7.72425,-14.8737
7.72448,-14.876
7.7247,-14.8783
7.72492,-14.8806
7.72514,-14.883
7.72536,-14.8853
7.72558,-14.8876
7.7258,-14.89
7.72602,-14.8923
7.72624,-14.8946
7.72646,-14.8969
7.72668,-14.8992
7.7269,-14.9016
7.72712,-14.9039
7.72734,-14.9062
7.72756,-14.9085
7.72779,-14.9108
7.72801,-14.9132
7.72823,-14.9155
7.72845,-14.9178
7.72867,-14.9201
7.72889,-14.9224
7.72911,-14.9247
7.72933,-14.927
7.72955,-14.9293
7.72977,-14.9317
7.72999,-14.934
7.73021,-14.9363
7.73042,-14.9386
7.73064,-14.9409
7.73086,-14.9432
7.73108,-14.9455
7.7313,-14.9478
7.73152,-14.9501
7.73174,-14.9524
7.73196,-14.9547
7.73218,-14.957
7.7324,-14.9593
7.73262,-14.9616
7.73284,-14.9639
7.73306,-14.9662
7.73328,-14.9685
7.7335,-14.9708
7.73371,-14.9731
7.73393,-14.9754
7.73415,-14.9777
7.73437,-14.98
7.73459,-14.9823
7.73481,-14.9846
7.73503,-14.9868
7.73525,-14.9891
7.73546,-14.9914
7.73568,-14.9937
7.7359,-14.996
7.73612,-14.9983
7.73634,-15.0006
7.73656,-15.0029
7.73678,-15.0051
7.73699,-15.0074
7.73721,-15.0097
7.73743,-15.012
7.73765,-15.0143
7.73787,-15.0166
7.73808,-15.0188
7.7383,-15.0211
7.73852,-15.0234
7.73874,-15.0257
7.73896,-15.0279
7.73917,-15.0302
7.73939,-15.0325
7.73961,-15.0348
7.73983,-15.037
7.74004,-15.0393
7.74026,-15.0416
7.74048,-15.0439
7.7407,-15.0461
7.74091,-15.0484
7.74113,-15.0507
7.74135,-15.0529
7.74157,-15.0552
7.74178,-15.0575
7.742,-15.0597
7.74222,-15.062
7.74244,-15.0643
7.74265,-15.0665
7.74287,-15.0688
7.74309,-15.071
7.7433,-15.0733
7.74352,-15.0756
7.74374,-15.0778
7.74395,-15.0801
7.74417,-15.0823
7.74439,-15.0846
7.7446,-15.0868
7.74482,-15.0891
7.74504,-15.0914
7.74525,-15.0936
7.74547,-15.0959
7.74569,-15.0981
7.7459,-15.1004
7.74612,-15.1026
7.74633,-15.1049
7.74655,-15.1071
7.74677,-15.1094
7.74698,-15.1116
7.7472,-15.1139
7.74741,-15.1161
7.74763,-15.1183
7.74785,-15.1206
7.74806,-15.1228
7.74828,-15.1251
7.74849,-15.1273
7.74871,-15.1296
7.74893,-15.1318
7.74914,-15.134
7.74936,-15.1363
7.74957,-15.1385
7.74979,-15.1408
7.75,-15.143
7.75022,-15.1452
7.75043,-15.1475
7.75065,-15.1497
7.75086,-15.1519
7.75108,-15.1542
7.7513,-15.1564
7.75151,-15.1586
7.75173,-15.1609
7.75194,-15.1631
7.75216,-15.1653
7.75237,-15.1675
7.75259,-15.1698
7.7528,-15.172
7.75301,-15.1742
7.75323,-15.1765
7.75344,-15.1787
7.75366,-15.1809
7.75387,-15.1831
7.75409,-15.1853
7.7543,-15.1876
7.75452,-15.1898
7.75473,-15.192
7.75495,-15.1942
7.75516,-15.1964
7.75537,-15.1987
7.75559,-15.2009
7.7558,-15.2031
7.75602,-15.2053
7.75623,-15.2075
7.75645,-15.2097
7.75666,-15.212
7.75687,-15.2142
7.75709,-15.2164
7.7573,-15.2186
7.75752,-15.2208
7.75773,-15.223
7.75794,-15.2252
7.75816,-15.2274
7.75837,-15.2296
7.75858,-15.2318
7.7588,-15.2341
7.75901,-15.2363
7.75922,-15.2385
7.75944,-15.2407
7.75965,-15.2429
7.75986,-15.2451
7.76008,-15.2473
7.76029,-15.2495
7.7605,-15.2517
7.76072,-15.2539
7.76093,-15.2561
7.76114,-15.2583
7.76136,-15.2605
7.76157,-15.2627
7.76178,-15.2649
7.762,-15.2671
7.76221,-15.2692
7.76242,-15.2714
7.76263,-15.2736
7.76285,-15.2758
7.76306,-15.278
7.76327,-15.2802
7.76348,-15.2824
7.7637,-15.2846
7.76391,-15.2868
7.76412,-15.289
7.76433,-15.2912
7.76455,-15.2933
7.76476,-15.2955
7.76497,-15.2977
7.76518,-15.2999
7.76539,-15.3021
7.76561,-15.3043
7.76582,-15.3064
7.76603,-15.3086
7.76624,-15.3108
7.76646,-15.313
7.76667,-15.3152
7.76688,-15.3173
7.76709,-15.3195
7.7673,-15.3217
7.76751,-15.3239
7.76773,-15.326
7.76794,-15.3282
7.76815,-15.3304
7.76836,-15.3326
7.76857,-15.3347
7.76878,-15.3369
7.76899,-15.3391
7.76921,-15.3413
7.76942,-15.3434
7.76963,-15.3456
7.76984,-15.3478
7.77005,-15.3499
7.77026,-15.3521
7.77047,-15.3543
7.77068,-15.3564
7.7709,-15.3586
7.77111,-15.3608
7.77132,-15.3629
7.77153,-15.3651
7.77174,-15.3673
7.77195,-15.3694
7.77216,-15.3716
7.77237,-15.3737
7.77258,-15.3759
7.77279,-15.3781
7.773,-15.3802
7.77321,-15.3824
7.77342,-15.3845
7.77363,-15.3867
7.77384,-15.3888
7.77405,-15.391
7.77427,-15.3931
7.77448,-15.3953
7.77469,-15.3975
7.7749,-15.3996
7.77511,-15.4017
7.77532,-15.4039
7.77553,-15.406
7.77574,-15.4082
7.77595,-15.4103
7.77616,-15.4125
7.77637,-15.4146
7.77658,-15.4168
7.77679,-15.4189
7.77699,-15.4211
7.7772,-15.4232
7.77741,-15.4254
7.77762,-15.4275
7.77783,-15.4296
7.77804,-15.4318
7.77825,-15.4339
7.77846,-15.4361
7.77867,-15.4382
7.77888,-15.4404
7.77909,-15.4425
7.7793,-15.4446
7.77951,-15.4468
7.77972,-15.4489
7.77993,-15.451
7.78014,-15.4532
7.78034,-15.4553
7.78055,-15.4574
7.78076,-15.4596
7.78097,-15.4617
7.78118,-15.4638
7.78139,-15.466
7.7816,-15.4681
7.78181,-15.4702
7.78201,-15.4723
7.78222,-15.4745
7.78243,-15.4766
7.78264,-15.4787
7.78285,-15.4809
7.78306,-15.483
7.78327,-15.4851
7.78347,-15.4872
7.78368,-15.4893
7.78389,-15.4915
7.7841,-15.4936
7.78431,-15.4957
7.78452,-15.4978
7.78472,-15.5
7.78493,-15.5021
7.78514,-15.5042
7.78535,-15.5063
7.78556,-15.5084
7.78576,-15.5105
7.78597,-15.5127
7.78618,-15.5148
7.78639,-15.5169
7.78659,-15.519
7.7868,-15.5211
7.78701,-15.5232
7.78722,-15.5253
7.78742,-15.5274
7.78763,-15.5296
7.78784,-15.5317
7.78805,-15.5338
7.78825,-15.5359
7.78846,-15.538
7.78867,-15.5401
7.78888,-15.5422
7.78908,-15.5443
7.78929,-15.5464
7.7895,-15.5485
7.7897,-15.5506
7.78991,-15.5527
7.79012,-15.5548
7.79033,-15.5569
7.79053,-15.559
7.79074,-15.5611
7.79095,-15.5632
7.79115,-15.5653
7.79136,-15.5674
7.79157,-15.5695
7.79177,-15.5716
7.79198,-15.5737
7.79219,-15.5758
7.79239,-15.5779
7.7926,-15.58
7.79281,-15.5821
7.79301,-15.5842
7.79322,-15.5863
7.79342,-15.5884
7.79363,-15.5905
7.79384,-15.5925
7.79404,-15.5946
7.79425,-15.5967
7.79446,-15.5988
7.79466,-15.6009
7.79487,-15.603
7.79507,-15.6051
7.79528,-15.6072
7.79548,-15.6092
7.79569,-15.6113
7.7959,-15.6134
7.7961,-15.6155
7.79631,-15.6176
7.79651,-15.6197
7.79672,-15.6217
7.79692,-15.6238
7.79713,-15.6259
7.79734,-15.628
7.79754,-15.6301
7.79775,-15.6321
7.79795,-15.6342
7.79816,-15.6363
7.79836,-15.6384
7.79857,-15.6404
7.79877,-15.6425
7.79898,-15.6446
7.79918,-15.6467
7.79939,-15.6487
7.79959,-15.6508
7.7998,-15.6529
7.8,-15.655
7.80021,-15.657
7.80041,-15.6591
7.80062,-15.6612
7.80082,-15.6632
7.80103,-15.6653
7.80123,-15.6674
7.80144,-15.6694
7.80164,-15.6715
7.80185,-15.6736
7.80205,-15.6756
7.80225,-15.6777
7.80246,-15.6798
7.80266,-15.6818
7.80287,-15.6839
7.80307,-15.6859
7.80328,-15.688
7.80348,-15.6901
7.80369,-15.6921
7.80389,-15.6942
7.80409,-15.6962
7.8043,-15.6983
7.8045,-15.7004
7.80471,-15.7024
7.80491,-15.7045
7.80511,-15.7065
7.80532,-15.7086
7.80552,-15.7106
7.80572,-15.7127
7.80593,-15.7147
7.80613,-15.7168
7.80634,-15.7188
7.80654,-15.7209
7.80674,-15.7229
7.80695,-15.725
7.80715,-15.727
7.80735,-15.7291
7.80756,-15.7311
7.80776,-15.7332
7.80796,-15.7352
7.80817,-15.7373
7.80837,-15.7393
7.80857,-15.7414
7.80878,-15.7434
7.80898,-15.7454
7.80918,-15.7475
7.80939,-15.7495
7.80959,-15.7516
7.80979,-15.7536
7.80999,-15.7556
7.8102,-15.7577
7.8104,-15.7597
7.8106,-15.7618
7.81081,-15.7638
7.81101,-15.7658
7.81121,-15.7679
7.81141,-15.7699
7.81162,-15.7719
7.81182,-15.774
7.81202,-15.776
7.81222,-15.778
7.81243,-15.7801
7.81263,-15.7821
7.81283,-15.7841
7.81303,-15.7862
7.81324,-15.7882
7.81344,-15.7902
7.81364,-15.7923
7.81384,-15.7943
7.81404,-15.7963
7.81425,-15.7983
7.81445,-15.8004
7.81465,-15.8024
7.81485,-15.8044
7.81505,-15.8065
7.81526,-15.8085
7.81546,-15.8105
7.81566,-15.8125
7.81586,-15.8145
7.81606,-15.8166
7.81626,-15.8186
7.81647,-15.8206
7.81667,-15.8226
7.81687,-15.8246
7.81707,-15.8267
7.81727,-15.8287
7.81747,-15.8307
7.81767,-15.8327
7.81788,-15.8347
7.81808,-15.8367
7.81828,-15.8388
7.81848,-15.8408
7.81868,-15.8428
7.81888,-15.8448
7.81908,-15.8468
7.81928,-15.8488
7.81948,-15.8508
7.81969,-15.8528
7.81989,-15.8549
7.82009,-15.8569
7.82029,-15.8589
7.82049,-15.8609
7.82069,-15.8629
7.82089,-15.8649
7.82109,-15.8669
7.82129,-15.8689
7.82149,-15.8709
7.82169,-15.8729
7.82189,-15.8749
7.82209,-15.8769
7.82229,-15.8789
7.82249,-15.8809
7.82269,-15.8829
7.8229,-15.8849
7.8231,-15.8869
7.8233,-15.8889
7.8235,-15.8909
7.8237,-15.8929
7.8239,-15.8949
7.8241,-15.8969
